analysis_group,dataset_name,scenario_type,sweep_parameter,sweep_value,epsilon,method,method_type,beta_rule,converged,iterations,time_seconds,final_gradient_norm,objective_gap_to_reference,relative_error_to_reference,relative_error_to_ldlt,train_accuracy,test_accuracy,q_dimension,n_train,n_test,n_features,n_classes,hidden_width,total_hidden_weights,lambda_reg,estimated_L,mu,condition_number
dimension_scaling,dimension_scaling,weights_10000,total_hidden_weights,10000,1e-06,LDLT,scratch,,True,0,0.008957874997577164,1.1756897241751036e-15,0.0,1.8588505143523823e-14,0.0,1.0,1.0,101,1000,350,100,3,100,10000,0.05,17.184837169269883,0.05,343.69674338539767
dimension_scaling,dimension_scaling,weights_10000,total_hidden_weights,10000,1e-06,Heavy Ball,scratch,constant momentum,True,141,0.0029717500001424924,5.986081678065748e-07,2.1502764846470512e-14,8.135633893618122e-08,8.135633858151361e-08,1.0,1.0,101,1000,350,100,3,100,10000,0.05,17.184837169269883,0.05,343.69674338539767
dimension_scaling,dimension_scaling,weights_10000,total_hidden_weights,10000,1e-06,Nesterov,scratch,constant beta,True,165,0.0018676250037970021,9.643906698235728e-07,5.316098256047397e-12,1.2144865626921375e-05,1.2144865624325482e-05,1.0,1.0,101,1000,350,100,3,100,10000,0.05,17.184837169269883,0.05,343.69674338539767
dimension_scaling,dimension_scaling,weights_50000,total_hidden_weights,50000,1e-06,LDLT,scratch,,True,0,0.15844250000372995,4.757346104988889e-15,0.0,9.881542474058748e-14,0.0,1.0,1.0,501,1000,350,100,3,500,50000,0.05,75.98974923788008,0.05,1519.7949847576015
dimension_scaling,dimension_scaling,weights_50000,total_hidden_weights,50000,1e-06,Heavy Ball,scratch,constant momentum,True,314,0.03993541700037895,8.492661747728054e-07,6.2836021108569895e-15,1.808854786814417e-08,1.8088548148868134e-08,1.0,1.0,501,1000,350,100,3,500,50000,0.05,75.98974923788008,0.05,1519.7949847576015
dimension_scaling,dimension_scaling,weights_50000,total_hidden_weights,50000,1e-06,Nesterov,scratch,constant beta,True,348,0.053900041995802894,9.964571726611748e-07,4.410909571622712e-12,1.0815497454777004e-05,1.0815497455942865e-05,1.0,1.0,501,1000,350,100,3,500,50000,0.05,75.98974923788008,0.05,1519.7949847576015
dimension_scaling,dimension_scaling,weights_100000,total_hidden_weights,100000,1e-06,LDLT,scratch,,True,0,0.5107455420002225,6.360132996221335e-15,3.2526065174565133e-19,1.624693663029802e-13,0.0,1.0,1.0,1001,1000,350,100,3,1000,100000,0.05,152.9454822341619,0.05,3058.9096446832377
dimension_scaling,dimension_scaling,weights_100000,total_hidden_weights,100000,1e-06,Heavy Ball,scratch,constant momentum,True,456,0.22251645800133701,6.082985139204885e-07,1.6928732721188666e-15,8.68729803446273e-09,8.68729901450318e-09,1.0,1.0,1001,1000,350,100,3,1000,100000,0.05,152.9454822341619,0.05,3058.9096446832377
dimension_scaling,dimension_scaling,weights_100000,total_hidden_weights,100000,1e-06,Nesterov,scratch,constant beta,True,497,0.2884992079998483,9.900521555286536e-07,3.928097755921678e-12,1.0290680696456158e-05,1.0290680700391488e-05,1.0,1.0,1001,1000,350,100,3,1000,100000,0.05,152.9454822341619,0.05,3058.9096446832377
synthetic_parameter_epsilon,synthetic_well_conditioned,well_corr_0_1,correlation,0.1,0.001,LDLT,scratch,,True,0,0.15446124999289168,5.546883994067634e-15,0.0,1.004364772205436e-13,0.0,1.0,1.0,501,1000,350,20,3,500,10000,0.05,81.43718553174598,0.05,1628.7437106349196
synthetic_parameter_epsilon,synthetic_well_conditioned,well_corr_0_1,correlation,0.1,0.001,Heavy Ball,scratch,constant momentum,True,188,0.03196854200359667,0.0007912015956802753,5.44295132229311e-09,2.3820371811132198e-05,2.3820371808331077e-05,1.0,1.0,501,1000,350,20,3,500,10000,0.05,81.43718553174598,0.05,1628.7437106349196
synthetic_parameter_epsilon,synthetic_well_conditioned,well_corr_0_1,correlation,0.1,0.001,Nesterov,scratch,constant beta,True,131,0.017037208999681752,0.000981503922823007,2.6226217620566386e-06,0.008305096362053975,0.00830509636205313,1.0,1.0,501,1000,350,20,3,500,10000,0.05,81.43718553174598,0.05,1628.7437106349196
synthetic_parameter_epsilon,synthetic_well_conditioned,well_corr_0_1,correlation,0.1,1e-05,LDLT,scratch,,True,0,0.15446124999289168,5.546883994067634e-15,0.0,1.004364772205436e-13,0.0,1.0,1.0,501,1000,350,20,3,500,10000,0.05,81.43718553174598,0.05,1628.7437106349196
synthetic_parameter_epsilon,synthetic_well_conditioned,well_corr_0_1,correlation,0.1,1e-05,Heavy Ball,scratch,constant momentum,True,283,0.03679479100537719,3.843764174949967e-06,1.4113623464373504e-13,1.7580793661459532e-07,1.7580793810592949e-07,1.0,1.0,501,1000,350,20,3,500,10000,0.05,81.43718553174598,0.05,1628.7437106349196
synthetic_parameter_epsilon,synthetic_well_conditioned,well_corr_0_1,correlation,0.1,1e-05,Nesterov,scratch,constant beta,True,295,0.03554462500324007,9.8093707310489e-06,4.3157391983045246e-10,0.00010978691053772979,0.0001097869105365592,1.0,1.0,501,1000,350,20,3,500,10000,0.05,81.43718553174598,0.05,1628.7437106349196
synthetic_parameter_epsilon,synthetic_well_conditioned,well_corr_0_1,correlation,0.1,1e-06,LDLT,scratch,,True,0,0.15446124999289168,5.546883994067634e-15,0.0,1.004364772205436e-13,0.0,1.0,1.0,501,1000,350,20,3,500,10000,0.05,81.43718553174598,0.05,1628.7437106349196
synthetic_parameter_epsilon,synthetic_well_conditioned,well_corr_0_1,correlation,0.1,1e-06,Heavy Ball,scratch,constant momentum,True,330,0.0460062089987332,5.784510941346662e-07,2.940356291780688e-15,1.968175851035173e-08,1.968176204352414e-08,1.0,1.0,501,1000,350,20,3,500,10000,0.05,81.43718553174598,0.05,1628.7437106349196
synthetic_parameter_epsilon,synthetic_well_conditioned,well_corr_0_1,correlation,0.1,1e-06,Nesterov,scratch,constant beta,True,383,0.04836179200356128,9.858736867273857e-07,5.933285113224329e-12,1.3499205080589798e-05,1.349920507670267e-05,1.0,1.0,501,1000,350,20,3,500,10000,0.05,81.43718553174598,0.05,1628.7437106349196
synthetic_parameter_epsilon,synthetic_well_conditioned,well_corr_0_1,correlation,0.1,1e-07,LDLT,scratch,,True,0,0.15446124999289168,5.546883994067634e-15,0.0,1.004364772205436e-13,0.0,1.0,1.0,501,1000,350,20,3,500,10000,0.05,81.43718553174598,0.05,1628.7437106349196
synthetic_parameter_epsilon,synthetic_well_conditioned,well_corr_0_1,correlation,0.1,1e-07,Heavy Ball,scratch,constant momentum,True,377,0.04260295799758751,7.388506435732214e-08,4.683753385137379e-17,2.0203318698156103e-09,2.020331820145778e-09,1.0,1.0,501,1000,350,20,3,500,10000,0.05,81.43718553174598,0.05,1628.7437106349196
synthetic_parameter_epsilon,synthetic_well_conditioned,well_corr_0_1,correlation,0.1,1e-07,Nesterov,scratch,constant beta,True,473,0.043100415998196695,9.857393009716179e-08,5.69717883980303e-14,1.3018549421017354e-06,1.3018549391989664e-06,1.0,1.0,501,1000,350,20,3,500,10000,0.05,81.43718553174598,0.05,1628.7437106349196
synthetic_parameter_epsilon,synthetic_well_conditioned,well_corr_0_2,correlation,0.2,0.001,LDLT,scratch,,True,0,0.14680804099771194,4.662164975217788e-15,0.0,9.992883397562149e-14,0.0,1.0,1.0,501,1000,350,20,3,500,10000,0.05,75.33052282653625,0.05,1506.610456530725
synthetic_parameter_epsilon,synthetic_well_conditioned,well_corr_0_2,correlation,0.2,0.001,Heavy Ball,scratch,constant momentum,True,173,0.024334458001249004,0.0008523043611616396,8.586219715691484e-09,3.1769156741950955e-05,3.176915674219254e-05,1.0,1.0,501,1000,350,20,3,500,10000,0.05,75.33052282653625,0.05,1506.610456530725
synthetic_parameter_epsilon,synthetic_well_conditioned,well_corr_0_2,correlation,0.2,0.001,Nesterov,scratch,constant beta,True,117,0.02427545899990946,0.0009856103727105094,3.568591410687584e-06,0.010059055890899442,0.010059055890894288,1.0,1.0,501,1000,350,20,3,500,10000,0.05,75.33052282653625,0.05,1506.610456530725
synthetic_parameter_epsilon,synthetic_well_conditioned,well_corr_0_2,correlation,0.2,1e-05,LDLT,scratch,,True,0,0.14680804099771194,4.662164975217788e-15,0.0,9.992883397562149e-14,0.0,1.0,1.0,501,1000,350,20,3,500,10000,0.05,75.33052282653625,0.05,1506.610456530725
synthetic_parameter_epsilon,synthetic_well_conditioned,well_corr_0_2,correlation,0.2,1e-05,Heavy Ball,scratch,constant momentum,True,267,0.04029591699509183,4.796109121690383e-06,2.3177900571047516e-13,2.2950179871193325e-07,2.2950180372850907e-07,1.0,1.0,501,1000,350,20,3,500,10000,0.05,75.33052282653625,0.05,1506.610456530725
synthetic_parameter_epsilon,synthetic_well_conditioned,well_corr_0_2,correlation,0.2,1e-05,Nesterov,scratch,constant beta,True,277,0.04297933299676515,9.86090699233772e-06,4.426443786162415e-10,0.00011282821597865737,0.00011282821597445331,1.0,1.0,501,1000,350,20,3,500,10000,0.05,75.33052282653625,0.05,1506.610456530725
synthetic_parameter_epsilon,synthetic_well_conditioned,well_corr_0_2,correlation,0.2,1e-06,LDLT,scratch,,True,0,0.14680804099771194,4.662164975217788e-15,0.0,9.992883397562149e-14,0.0,1.0,1.0,501,1000,350,20,3,500,10000,0.05,75.33052282653625,0.05,1506.610456530725
synthetic_parameter_epsilon,synthetic_well_conditioned,well_corr_0_2,correlation,0.2,1e-06,Heavy Ball,scratch,constant momentum,True,314,0.04180591699696379,9.521521359312024e-07,8.746475765875061e-15,2.5123823121290066e-08,2.512382666008985e-08,1.0,1.0,501,1000,350,20,3,500,10000,0.05,75.33052282653625,0.05,1506.610456530725
synthetic_parameter_epsilon,synthetic_well_conditioned,well_corr_0_2,correlation,0.2,1e-06,Nesterov,scratch,constant beta,True,364,0.03768308400321985,9.862477321440635e-07,5.102833953996022e-12,1.2232225455092725e-05,1.2232225456105788e-05,1.0,1.0,501,1000,350,20,3,500,10000,0.05,75.33052282653625,0.05,1506.610456530725
synthetic_parameter_epsilon,synthetic_well_conditioned,well_corr_0_2,correlation,0.2,1e-07,LDLT,scratch,,True,0,0.14680804099771194,4.662164975217788e-15,0.0,9.992883397562149e-14,0.0,1.0,1.0,501,1000,350,20,3,500,10000,0.05,75.33052282653625,0.05,1506.610456530725
synthetic_parameter_epsilon,synthetic_well_conditioned,well_corr_0_2,correlation,0.2,1e-07,Heavy Ball,scratch,constant momentum,True,361,0.04187137500412064,6.999124022180853e-08,3.469446951953614e-17,1.8913542295495883e-09,1.8913552456815006e-09,1.0,1.0,501,1000,350,20,3,500,10000,0.05,75.33052282653625,0.05,1506.610456530725
synthetic_parameter_epsilon,synthetic_well_conditioned,well_corr_0_2,correlation,0.2,1e-07,Nesterov,scratch,constant beta,True,452,0.03769033299613511,9.860595718135709e-08,6.136757768615553e-14,1.3879633503178463e-06,1.3879633535280997e-06,1.0,1.0,501,1000,350,20,3,500,10000,0.05,75.33052282653625,0.05,1506.610456530725
synthetic_parameter_epsilon,synthetic_well_conditioned,well_corr_0_3,correlation,0.3,0.001,LDLT,scratch,,True,0,0.14757483400171623,5.165924818282379e-15,0.0,1.0205555645500576e-13,0.0,1.0,1.0,501,1000,350,20,3,500,10000,0.05,78.1271535515419,0.05,1562.5430710308378
synthetic_parameter_epsilon,synthetic_well_conditioned,well_corr_0_3,correlation,0.3,0.001,Heavy Ball,scratch,constant momentum,True,173,0.0220359169979929,0.0009468635312336524,8.132298292239104e-09,3.775324143873887e-05,3.7753241437885834e-05,1.0,1.0,501,1000,350,20,3,500,10000,0.05,78.1271535515419,0.05,1562.5430710308378
synthetic_parameter_epsilon,synthetic_well_conditioned,well_corr_0_3,correlation,0.3,0.001,Nesterov,scratch,constant beta,True,128,0.01616650000505615,0.0009827662087654825,2.6780462744719832e-06,0.008390063827401362,0.008390063827403219,1.0,1.0,501,1000,350,20,3,500,10000,0.05,78.1271535515419,0.05,1562.5430710308378
synthetic_parameter_epsilon,synthetic_well_conditioned,well_corr_0_3,correlation,0.3,1e-05,LDLT,scratch,,True,0,0.14757483400171623,5.165924818282379e-15,0.0,1.0205555645500576e-13,0.0,1.0,1.0,501,1000,350,20,3,500,10000,0.05,78.1271535515419,0.05,1562.5430710308378
synthetic_parameter_epsilon,synthetic_well_conditioned,well_corr_0_3,correlation,0.3,1e-05,Heavy Ball,scratch,constant momentum,True,282,0.038804832998721395,7.846121663781147e-06,4.839132566880622e-13,1.8951470469538692e-07,1.8951470292114096e-07,1.0,1.0,501,1000,350,20,3,500,10000,0.05,78.1271535515419,0.05,1562.5430710308378
synthetic_parameter_epsilon,synthetic_well_conditioned,well_corr_0_3,correlation,0.3,1e-05,Nesterov,scratch,constant beta,True,289,0.04136066699720686,9.725181559354828e-06,4.20527320431352e-10,0.00011008383821975044,0.00011008383822026868,1.0,1.0,501,1000,350,20,3,500,10000,0.05,78.1271535515419,0.05,1562.5430710308378
synthetic_parameter_epsilon,synthetic_well_conditioned,well_corr_0_3,correlation,0.3,1e-06,LDLT,scratch,,True,0,0.14757483400171623,5.165924818282379e-15,0.0,1.0205555645500576e-13,0.0,1.0,1.0,501,1000,350,20,3,500,10000,0.05,78.1271535515419,0.05,1562.5430710308378
synthetic_parameter_epsilon,synthetic_well_conditioned,well_corr_0_3,correlation,0.3,1e-06,Heavy Ball,scratch,constant momentum,True,299,0.035240666002209764,7.263119371824471e-07,6.274494812608111e-15,6.19337183794122e-08,6.193371649077843e-08,1.0,1.0,501,1000,350,20,3,500,10000,0.05,78.1271535515419,0.05,1562.5430710308378
synthetic_parameter_epsilon,synthetic_well_conditioned,well_corr_0_3,correlation,0.3,1e-06,Nesterov,scratch,constant beta,True,379,0.04419145800056867,9.666533003094664e-07,4.8953289338848904e-12,1.1927162086985194e-05,1.1927162085395386e-05,1.0,1.0,501,1000,350,20,3,500,10000,0.05,78.1271535515419,0.05,1562.5430710308378
synthetic_parameter_epsilon,synthetic_well_conditioned,well_corr_0_3,correlation,0.3,1e-07,LDLT,scratch,,True,0,0.14757483400171623,5.165924818282379e-15,0.0,1.0205555645500576e-13,0.0,1.0,1.0,501,1000,350,20,3,500,10000,0.05,78.1271535515419,0.05,1562.5430710308378
synthetic_parameter_epsilon,synthetic_well_conditioned,well_corr_0_3,correlation,0.3,1e-07,Heavy Ball,scratch,constant momentum,True,362,0.0440190840017749,5.999836023339084e-08,4.0766001685454967e-17,2.5291105560851814e-09,2.529110304455675e-09,1.0,1.0,501,1000,350,20,3,500,10000,0.05,78.1271535515419,0.05,1562.5430710308378
synthetic_parameter_epsilon,synthetic_well_conditioned,well_corr_0_3,correlation,0.3,1e-07,Nesterov,scratch,constant beta,True,461,0.05062645799625898,9.892464669001671e-08,5.951142356686034e-14,1.343463672944064e-06,1.3434636703911758e-06,1.0,1.0,501,1000,350,20,3,500,10000,0.05,78.1271535515419,0.05,1562.5430710308378
synthetic_parameter_epsilon,synthetic_well_conditioned,well_corr_0_4,correlation,0.4,0.001,LDLT,scratch,,True,0,0.12690899999870453,3.9732655819391676e-15,0.0,1.0168278395056045e-13,0.0,1.0,1.0,501,1000,350,20,3,500,10000,0.05,81.2251235216285,0.05,1624.50247043257
synthetic_parameter_epsilon,synthetic_well_conditioned,well_corr_0_4,correlation,0.4,0.001,Heavy Ball,scratch,constant momentum,True,173,0.01848004199564457,0.0005636426313938494,2.9161052643791874e-09,3.7559205693366756e-05,3.755920569562941e-05,1.0,1.0,501,1000,350,20,3,500,10000,0.05,81.2251235216285,0.05,1624.50247043257
synthetic_parameter_epsilon,synthetic_well_conditioned,well_corr_0_4,correlation,0.4,0.001,Nesterov,scratch,constant beta,True,123,0.013048583998170216,0.0009943060620657745,3.292014709443958e-06,0.009233280530852891,0.009233280530851712,1.0,1.0,501,1000,350,20,3,500,10000,0.05,81.2251235216285,0.05,1624.50247043257
synthetic_parameter_epsilon,synthetic_well_conditioned,well_corr_0_4,correlation,0.4,1e-05,LDLT,scratch,,True,0,0.12690899999870453,3.9732655819391676e-15,0.0,1.0168278395056045e-13,0.0,1.0,1.0,501,1000,350,20,3,500,10000,0.05,81.2251235216285,0.05,1624.50247043257
synthetic_parameter_epsilon,synthetic_well_conditioned,well_corr_0_4,correlation,0.4,1e-05,Heavy Ball,scratch,constant momentum,True,267,0.033267958999203984,6.057595581987622e-06,2.4646170521114286e-13,3.5141683500950314e-07,3.514168356194402e-07,1.0,1.0,501,1000,350,20,3,500,10000,0.05,81.2251235216285,0.05,1624.50247043257
synthetic_parameter_epsilon,synthetic_well_conditioned,well_corr_0_4,correlation,0.4,1e-05,Nesterov,scratch,constant beta,True,295,0.03192291700543137,9.897932611295423e-06,4.5789380186816997e-10,0.00011209512022114896,0.00011209512022264463,1.0,1.0,501,1000,350,20,3,500,10000,0.05,81.2251235216285,0.05,1624.50247043257
synthetic_parameter_epsilon,synthetic_well_conditioned,well_corr_0_4,correlation,0.4,1e-06,LDLT,scratch,,True,0,0.12690899999870453,3.9732655819391676e-15,0.0,1.0168278395056045e-13,0.0,1.0,1.0,501,1000,350,20,3,500,10000,0.05,81.2251235216285,0.05,1624.50247043257
synthetic_parameter_epsilon,synthetic_well_conditioned,well_corr_0_4,correlation,0.4,1e-06,Heavy Ball,scratch,constant momentum,True,315,0.03919737500109477,8.290957324704243e-07,5.474353609313809e-15,3.379663835513478e-08,3.379663866392936e-08,1.0,1.0,501,1000,350,20,3,500,10000,0.05,81.2251235216285,0.05,1624.50247043257
synthetic_parameter_epsilon,synthetic_well_conditioned,well_corr_0_4,correlation,0.4,1e-06,Nesterov,scratch,constant beta,True,384,0.055543166999996174,9.901434571623663e-07,4.38945060854401e-12,1.0904313754440563e-05,1.0904313757783151e-05,1.0,1.0,501,1000,350,20,3,500,10000,0.05,81.2251235216285,0.05,1624.50247043257
synthetic_parameter_epsilon,synthetic_well_conditioned,well_corr_0_4,correlation,0.4,1e-07,LDLT,scratch,,True,0,0.12690899999870453,3.9732655819391676e-15,0.0,1.0168278395056045e-13,0.0,1.0,1.0,501,1000,350,20,3,500,10000,0.05,81.2251235216285,0.05,1624.50247043257
synthetic_parameter_epsilon,synthetic_well_conditioned,well_corr_0_4,correlation,0.4,1e-07,Heavy Ball,scratch,constant momentum,True,377,0.053092125002876855,4.946297939690108e-08,1.6479873021779667e-17,1.6430471687798985e-09,1.6430471534827546e-09,1.0,1.0,501,1000,350,20,3,500,10000,0.05,81.2251235216285,0.05,1624.50247043257
synthetic_parameter_epsilon,synthetic_well_conditioned,well_corr_0_4,correlation,0.4,1e-07,Nesterov,scratch,constant beta,True,472,0.06131687499873806,9.947574625388231e-08,5.6844719903415e-14,1.2772339473666152e-06,1.2772339497499164e-06,1.0,1.0,501,1000,350,20,3,500,10000,0.05,81.2251235216285,0.05,1624.50247043257
synthetic_parameter_epsilon,synthetic_well_conditioned,well_corr_0_5,correlation,0.5,0.001,LDLT,scratch,,True,0,0.14557779100141488,4.7542020346903684e-15,4.336808689942018e-19,1.0085402757776847e-13,0.0,1.0,1.0,501,1000,350,20,3,500,10000,0.05,82.32994369361698,0.05,1646.5988738723395
synthetic_parameter_epsilon,synthetic_well_conditioned,well_corr_0_5,correlation,0.5,0.001,Heavy Ball,scratch,constant momentum,True,188,0.0326392500064685,0.0008812236144697274,7.127194338613779e-09,2.399773146039516e-05,2.399773146330566e-05,1.0,1.0,501,1000,350,20,3,500,10000,0.05,82.32994369361698,0.05,1646.5988738723395
synthetic_parameter_epsilon,synthetic_well_conditioned,well_corr_0_5,correlation,0.5,0.001,Nesterov,scratch,constant beta,True,124,0.026563999999780208,0.0009649397949408888,2.8766225207044367e-06,0.008613600527780508,0.008613600527778488,1.0,1.0,501,1000,350,20,3,500,10000,0.05,82.32994369361698,0.05,1646.5988738723395
synthetic_parameter_epsilon,synthetic_well_conditioned,well_corr_0_5,correlation,0.5,1e-05,LDLT,scratch,,True,0,0.14557779100141488,4.7542020346903684e-15,4.336808689942018e-19,1.0085402757776847e-13,0.0,1.0,1.0,501,1000,350,20,3,500,10000,0.05,82.32994369361698,0.05,1646.5988738723395
synthetic_parameter_epsilon,synthetic_well_conditioned,well_corr_0_5,correlation,0.5,1e-05,Heavy Ball,scratch,constant momentum,True,267,0.0418088330043247,8.350481650771165e-06,5.386654663985802e-13,3.73042763026424e-07,3.730427668664748e-07,1.0,1.0,501,1000,350,20,3,500,10000,0.05,82.32994369361698,0.05,1646.5988738723395
synthetic_parameter_epsilon,synthetic_well_conditioned,well_corr_0_5,correlation,0.5,1e-05,Nesterov,scratch,constant beta,True,292,0.07439837499987334,9.934790668679141e-06,4.369909863653765e-10,0.0001099943505048698,0.0001099943505057682,1.0,1.0,501,1000,350,20,3,500,10000,0.05,82.32994369361698,0.05,1646.5988738723395
synthetic_parameter_epsilon,synthetic_well_conditioned,well_corr_0_5,correlation,0.5,1e-06,LDLT,scratch,,True,0,0.14557779100141488,4.7542020346903684e-15,4.336808689942018e-19,1.0085402757776847e-13,0.0,1.0,1.0,501,1000,350,20,3,500,10000,0.05,82.32994369361698,0.05,1646.5988738723395
synthetic_parameter_epsilon,synthetic_well_conditioned,well_corr_0_5,correlation,0.5,1e-06,Heavy Ball,scratch,constant momentum,True,330,0.06601054099883186,5.254634393468067e-07,2.329733628236852e-15,1.7461977627979583e-08,1.7461980499395503e-08,1.0,1.0,501,1000,350,20,3,500,10000,0.05,82.32994369361698,0.05,1646.5988738723395
synthetic_parameter_epsilon,synthetic_well_conditioned,well_corr_0_5,correlation,0.5,1e-06,Nesterov,scratch,constant beta,True,383,0.055851124998298474,9.81879231365583e-07,4.840731114563734e-12,1.170864444664177e-05,1.1708644451134907e-05,1.0,1.0,501,1000,350,20,3,500,10000,0.05,82.32994369361698,0.05,1646.5988738723395
synthetic_parameter_epsilon,synthetic_well_conditioned,well_corr_0_5,correlation,0.5,1e-07,LDLT,scratch,,True,0,0.14557779100141488,4.7542020346903684e-15,4.336808689942018e-19,1.0085402757776847e-13,0.0,1.0,1.0,501,1000,350,20,3,500,10000,0.05,82.32994369361698,0.05,1646.5988738723395
synthetic_parameter_epsilon,synthetic_well_conditioned,well_corr_0_5,correlation,0.5,1e-07,Heavy Ball,scratch,constant momentum,True,362,0.047177458996884525,6.129992258213424e-08,4.466912950640278e-17,3.541850913623044e-09,3.5418512596202145e-09,1.0,1.0,501,1000,350,20,3,500,10000,0.05,82.32994369361698,0.05,1646.5988738723395
synthetic_parameter_epsilon,synthetic_well_conditioned,well_corr_0_5,correlation,0.5,1e-07,Nesterov,scratch,constant beta,True,469,0.05702262499835342,9.821170564077098e-08,5.914886636038119e-14,1.3578097183006557e-06,1.3578097236729867e-06,1.0,1.0,501,1000,350,20,3,500,10000,0.05,82.32994369361698,0.05,1646.5988738723395
synthetic_parameter_epsilon,synthetic_well_conditioned,well_corr_0_6,correlation,0.6,0.001,LDLT,scratch,,True,0,0.14822004199959338,3.972264052430187e-15,4.336808689942018e-19,1.1050601060774264e-13,0.0,1.0,1.0,501,1000,350,20,3,500,10000,0.05,76.00217671190552,0.05,1520.0435342381104
synthetic_parameter_epsilon,synthetic_well_conditioned,well_corr_0_6,correlation,0.6,0.001,Heavy Ball,scratch,constant momentum,True,188,0.025478000003204215,0.0006896480807736125,3.83627557086659e-09,1.4778859895071131e-05,1.4778859896893541e-05,1.0,1.0,501,1000,350,20,3,500,10000,0.05,76.00217671190552,0.05,1520.0435342381104
synthetic_parameter_epsilon,synthetic_well_conditioned,well_corr_0_6,correlation,0.6,0.001,Nesterov,scratch,constant beta,True,122,0.015701000003900845,0.0009988002634248236,2.1077423619497975e-06,0.007275268945239835,0.007275268945239789,1.0,1.0,501,1000,350,20,3,500,10000,0.05,76.00217671190552,0.05,1520.0435342381104
synthetic_parameter_epsilon,synthetic_well_conditioned,well_corr_0_6,correlation,0.6,1e-05,LDLT,scratch,,True,0,0.14822004199959338,3.972264052430187e-15,4.336808689942018e-19,1.1050601060774264e-13,0.0,1.0,1.0,501,1000,350,20,3,500,10000,0.05,76.00217671190552,0.05,1520.0435342381104
synthetic_parameter_epsilon,synthetic_well_conditioned,well_corr_0_6,correlation,0.6,1e-05,Heavy Ball,scratch,constant momentum,True,268,0.053084625003975816,9.365441527132744e-06,7.02444829733806e-13,2.3620972450279876e-07,2.3620972593884185e-07,1.0,1.0,501,1000,350,20,3,500,10000,0.05,76.00217671190552,0.05,1520.0435342381104
synthetic_parameter_epsilon,synthetic_well_conditioned,well_corr_0_6,correlation,0.6,1e-05,Nesterov,scratch,constant beta,True,280,0.0322898329977761,9.96749013707907e-06,4.168195580356304e-10,0.00010789942572282492,0.00010789942572219559,1.0,1.0,501,1000,350,20,3,500,10000,0.05,76.00217671190552,0.05,1520.0435342381104
synthetic_parameter_epsilon,synthetic_well_conditioned,well_corr_0_6,correlation,0.6,1e-06,LDLT,scratch,,True,0,0.14822004199959338,3.972264052430187e-15,4.336808689942018e-19,1.1050601060774264e-13,0.0,1.0,1.0,501,1000,350,20,3,500,10000,0.05,76.00217671190552,0.05,1520.0435342381104
synthetic_parameter_epsilon,synthetic_well_conditioned,well_corr_0_6,correlation,0.6,1e-06,Heavy Ball,scratch,constant momentum,True,314,0.042787625003256835,7.801167183616046e-07,4.623905425216179e-15,2.0982498950786273e-08,2.0982496584981413e-08,1.0,1.0,501,1000,350,20,3,500,10000,0.05,76.00217671190552,0.05,1520.0435342381104
synthetic_parameter_epsilon,synthetic_well_conditioned,well_corr_0_6,correlation,0.6,1e-06,Nesterov,scratch,constant beta,True,362,0.046512082997651305,9.822026320202048e-07,4.160884093870609e-12,1.0760570933126748e-05,1.0760570935587114e-05,1.0,1.0,501,1000,350,20,3,500,10000,0.05,76.00217671190552,0.05,1520.0435342381104
synthetic_parameter_epsilon,synthetic_well_conditioned,well_corr_0_6,correlation,0.6,1e-07,LDLT,scratch,,True,0,0.14822004199959338,3.972264052430187e-15,4.336808689942018e-19,1.1050601060774264e-13,0.0,1.0,1.0,501,1000,350,20,3,500,10000,0.05,76.00217671190552,0.05,1520.0435342381104
synthetic_parameter_epsilon,synthetic_well_conditioned,well_corr_0_6,correlation,0.6,1e-07,Heavy Ball,scratch,constant momentum,True,362,0.04762608299643034,2.5710516601027817e-08,5.204170427930421e-18,1.452890649244328e-09,1.4528885490977808e-09,1.0,1.0,501,1000,350,20,3,500,10000,0.05,76.00217671190552,0.05,1520.0435342381104
synthetic_parameter_epsilon,synthetic_well_conditioned,well_corr_0_6,correlation,0.6,1e-07,Nesterov,scratch,constant beta,True,450,0.04761549999966519,9.990543111026391e-08,5.6696184205784483e-14,1.2937170739387941e-06,1.29371707823145e-06,1.0,1.0,501,1000,350,20,3,500,10000,0.05,76.00217671190552,0.05,1520.0435342381104
synthetic_parameter_epsilon,synthetic_well_conditioned,well_corr_0_7,correlation,0.7,0.001,LDLT,scratch,,True,0,0.16041945799952373,4.510635921993948e-15,0.0,1.0789245292916022e-13,0.0,1.0,1.0,501,1000,350,20,3,500,10000,0.05,81.38499335757348,0.05,1627.6998671514696
synthetic_parameter_epsilon,synthetic_well_conditioned,well_corr_0_7,correlation,0.7,0.001,Heavy Ball,scratch,constant momentum,True,188,0.03440316599881044,0.0009147181488838765,6.790080021900138e-09,1.8597029158510247e-05,1.8597029155827988e-05,1.0,1.0,501,1000,350,20,3,500,10000,0.05,81.38499335757348,0.05,1627.6998671514696
synthetic_parameter_epsilon,synthetic_well_conditioned,well_corr_0_7,correlation,0.7,0.001,Nesterov,scratch,constant beta,True,114,0.017007207999995444,0.0009983490847874114,2.658705980150642e-06,0.008247315367094794,0.008247315367096199,1.0,1.0,501,1000,350,20,3,500,10000,0.05,81.38499335757348,0.05,1627.6998671514696
synthetic_parameter_epsilon,synthetic_well_conditioned,well_corr_0_7,correlation,0.7,1e-05,LDLT,scratch,,True,0,0.16041945799952373,4.510635921993948e-15,0.0,1.0789245292916022e-13,0.0,1.0,1.0,501,1000,350,20,3,500,10000,0.05,81.38499335757348,0.05,1627.6998671514696
synthetic_parameter_epsilon,synthetic_well_conditioned,well_corr_0_7,correlation,0.7,1e-05,Heavy Ball,scratch,constant momentum,True,267,0.04113662499730708,9.676636401858578e-06,1.064267597661317e-12,3.264498593620632e-07,3.2644985898489807e-07,1.0,1.0,501,1000,350,20,3,500,10000,0.05,81.38499335757348,0.05,1627.6998671514696
synthetic_parameter_epsilon,synthetic_well_conditioned,well_corr_0_7,correlation,0.7,1e-05,Nesterov,scratch,constant beta,True,279,0.028458582994062454,9.942062477630717e-06,4.6494714458708564e-10,0.0001172585173716334,0.0001172585173687282,1.0,1.0,501,1000,350,20,3,500,10000,0.05,81.38499335757348,0.05,1627.6998671514696
synthetic_parameter_epsilon,synthetic_well_conditioned,well_corr_0_7,correlation,0.7,1e-06,LDLT,scratch,,True,0,0.16041945799952373,4.510635921993948e-15,0.0,1.0789245292916022e-13,0.0,1.0,1.0,501,1000,350,20,3,500,10000,0.05,81.38499335757348,0.05,1627.6998671514696
synthetic_parameter_epsilon,synthetic_well_conditioned,well_corr_0_7,correlation,0.7,1e-06,Heavy Ball,scratch,constant momentum,True,330,0.03514924999763025,3.3972119958868073e-07,8.530502693115949e-16,1.1940044969779437e-08,1.194004613015342e-08,1.0,1.0,501,1000,350,20,3,500,10000,0.05,81.38499335757348,0.05,1627.6998671514696
synthetic_parameter_epsilon,synthetic_well_conditioned,well_corr_0_7,correlation,0.7,1e-06,Nesterov,scratch,constant beta,True,367,0.05136208399926545,9.806863194331856e-07,4.279315833979891e-12,1.0982164588276699e-05,1.098216458354816e-05,1.0,1.0,501,1000,350,20,3,500,10000,0.05,81.38499335757348,0.05,1627.6998671514696
synthetic_parameter_epsilon,synthetic_well_conditioned,well_corr_0_7,correlation,0.7,1e-07,LDLT,scratch,,True,0,0.16041945799952373,4.510635921993948e-15,0.0,1.0789245292916022e-13,0.0,1.0,1.0,501,1000,350,20,3,500,10000,0.05,81.38499335757348,0.05,1627.6998671514696
synthetic_parameter_epsilon,synthetic_well_conditioned,well_corr_0_7,correlation,0.7,1e-07,Heavy Ball,scratch,constant momentum,True,362,0.04435883299447596,7.418835630148549e-08,7.32920668600201e-17,2.83354143087169e-09,2.8335424259828064e-09,1.0,1.0,501,1000,350,20,3,500,10000,0.05,81.38499335757348,0.05,1627.6998671514696
synthetic_parameter_epsilon,synthetic_well_conditioned,well_corr_0_7,correlation,0.7,1e-07,Nesterov,scratch,constant beta,True,456,0.04436908299976494,9.753662999906898e-08,4.8902288468655186e-14,1.1896583231842931e-06,1.1896583211943768e-06,1.0,1.0,501,1000,350,20,3,500,10000,0.05,81.38499335757348,0.05,1627.6998671514696
synthetic_parameter_epsilon,synthetic_well_conditioned,well_corr_0_8,correlation,0.8,0.001,LDLT,scratch,,True,0,0.15204654200351797,3.496527353165182e-15,0.0,1.074961546183755e-13,0.0,1.0,1.0,501,1000,350,20,3,500,10000,0.05,84.46285247235778,0.05,1689.2570494471556
synthetic_parameter_epsilon,synthetic_well_conditioned,well_corr_0_8,correlation,0.8,0.001,Heavy Ball,scratch,constant momentum,True,188,0.025571582998964004,0.0007850481270682318,5.2261827181415005e-09,1.97137784738496e-05,1.9713778474729425e-05,1.0,1.0,501,1000,350,20,3,500,10000,0.05,84.46285247235778,0.05,1689.2570494471556
synthetic_parameter_epsilon,synthetic_well_conditioned,well_corr_0_8,correlation,0.8,0.001,Nesterov,scratch,constant beta,True,119,0.03057424999860814,0.0009279132326304775,2.0468122507138597e-06,0.007510529375701737,0.007510529375702637,1.0,1.0,501,1000,350,20,3,500,10000,0.05,84.46285247235778,0.05,1689.2570494471556
synthetic_parameter_epsilon,synthetic_well_conditioned,well_corr_0_8,correlation,0.8,1e-05,LDLT,scratch,,True,0,0.15204654200351797,3.496527353165182e-15,0.0,1.074961546183755e-13,0.0,1.0,1.0,501,1000,350,20,3,500,10000,0.05,84.46285247235778,0.05,1689.2570494471556
synthetic_parameter_epsilon,synthetic_well_conditioned,well_corr_0_8,correlation,0.8,1e-05,Heavy Ball,scratch,constant momentum,True,283,0.0261927090032259,6.099020080819292e-06,4.127659585656529e-13,1.9335764820560626e-07,1.9335764891463673e-07,1.0,1.0,501,1000,350,20,3,500,10000,0.05,84.46285247235778,0.05,1689.2570494471556
synthetic_parameter_epsilon,synthetic_well_conditioned,well_corr_0_8,correlation,0.8,1e-05,Nesterov,scratch,constant beta,True,288,0.03359133299818495,9.860061662059055e-06,4.1819539823260976e-10,0.00011080245220411549,0.0001108024522046121,1.0,1.0,501,1000,350,20,3,500,10000,0.05,84.46285247235778,0.05,1689.2570494471556
synthetic_parameter_epsilon,synthetic_well_conditioned,well_corr_0_8,correlation,0.8,1e-06,LDLT,scratch,,True,0,0.15204654200351797,3.496527353165182e-15,0.0,1.074961546183755e-13,0.0,1.0,1.0,501,1000,350,20,3,500,10000,0.05,84.46285247235778,0.05,1689.2570494471556
synthetic_parameter_epsilon,synthetic_well_conditioned,well_corr_0_8,correlation,0.8,1e-06,Heavy Ball,scratch,constant momentum,True,330,0.03164579199801665,4.192643810789406e-07,1.2405441257579142e-15,1.566715287373513e-08,1.5667153499785868e-08,1.0,1.0,501,1000,350,20,3,500,10000,0.05,84.46285247235778,0.05,1689.2570494471556
synthetic_parameter_epsilon,synthetic_well_conditioned,well_corr_0_8,correlation,0.8,1e-06,Nesterov,scratch,constant beta,True,370,0.047093707995372824,9.941957899995006e-07,5.606234443691904e-12,1.3305121745307605e-05,1.3305121746495874e-05,1.0,1.0,501,1000,350,20,3,500,10000,0.05,84.46285247235778,0.05,1689.2570494471556
synthetic_parameter_epsilon,synthetic_well_conditioned,well_corr_0_8,correlation,0.8,1e-07,LDLT,scratch,,True,0,0.15204654200351797,3.496527353165182e-15,0.0,1.074961546183755e-13,0.0,1.0,1.0,501,1000,350,20,3,500,10000,0.05,84.46285247235778,0.05,1689.2570494471556
synthetic_parameter_epsilon,synthetic_well_conditioned,well_corr_0_8,correlation,0.8,1e-07,Heavy Ball,scratch,constant momentum,True,377,0.037353457999415696,9.080231437584482e-08,6.787105599759258e-17,2.1292279237725627e-09,2.129229065506675e-09,1.0,1.0,501,1000,350,20,3,500,10000,0.05,84.46285247235778,0.05,1689.2570494471556
synthetic_parameter_epsilon,synthetic_well_conditioned,well_corr_0_8,correlation,0.8,1e-07,Nesterov,scratch,constant beta,True,464,0.04308070799743291,9.8653557069145e-08,5.707175183833346e-14,1.3324330653073981e-06,1.3324330683685964e-06,1.0,1.0,501,1000,350,20,3,500,10000,0.05,84.46285247235778,0.05,1689.2570494471556
synthetic_parameter_epsilon,synthetic_well_conditioned,well_corr_0_9,correlation,0.9,0.001,LDLT,scratch,,True,0,0.1699306670052465,3.8768207895863186e-15,0.0,1.2161367488258673e-13,0.0,1.0,1.0,501,1000,350,20,3,500,10000,0.05,83.60615120660374,0.05,1672.1230241320748
synthetic_parameter_epsilon,synthetic_well_conditioned,well_corr_0_9,correlation,0.9,0.001,Heavy Ball,scratch,constant momentum,True,173,0.026921582997601945,0.0009766723943863977,8.361931108798702e-09,2.5558058297620354e-05,2.5558058296372705e-05,1.0,1.0,501,1000,350,20,3,500,10000,0.05,83.60615120660374,0.05,1672.1230241320748
synthetic_parameter_epsilon,synthetic_well_conditioned,well_corr_0_9,correlation,0.9,0.001,Nesterov,scratch,constant beta,True,89,0.018219167002825998,0.0008949646417121661,2.406125566419828e-06,0.0073191357715731275,0.0073191357715720025,1.0,1.0,501,1000,350,20,3,500,10000,0.05,83.60615120660374,0.05,1672.1230241320748
synthetic_parameter_epsilon,synthetic_well_conditioned,well_corr_0_9,correlation,0.9,1e-05,LDLT,scratch,,True,0,0.1699306670052465,3.8768207895863186e-15,0.0,1.2161367488258673e-13,0.0,1.0,1.0,501,1000,350,20,3,500,10000,0.05,83.60615120660374,0.05,1672.1230241320748
synthetic_parameter_epsilon,synthetic_well_conditioned,well_corr_0_9,correlation,0.9,1e-05,Heavy Ball,scratch,constant momentum,True,283,0.045610249995661434,1.8534993049412937e-06,3.261139188553974e-14,8.516366554377461e-08,8.516366363745353e-08,1.0,1.0,501,1000,350,20,3,500,10000,0.05,83.60615120660374,0.05,1672.1230241320748
synthetic_parameter_epsilon,synthetic_well_conditioned,well_corr_0_9,correlation,0.9,1e-05,Nesterov,scratch,constant beta,True,266,0.03463129099691287,9.91363223660813e-06,4.3214779638870576e-10,0.00011397556981801164,0.00011397556981617441,1.0,1.0,501,1000,350,20,3,500,10000,0.05,83.60615120660374,0.05,1672.1230241320748
synthetic_parameter_epsilon,synthetic_well_conditioned,well_corr_0_9,correlation,0.9,1e-06,LDLT,scratch,,True,0,0.1699306670052465,3.8768207895863186e-15,0.0,1.2161367488258673e-13,0.0,1.0,1.0,501,1000,350,20,3,500,10000,0.05,83.60615120660374,0.05,1672.1230241320748
synthetic_parameter_epsilon,synthetic_well_conditioned,well_corr_0_9,correlation,0.9,1e-06,Heavy Ball,scratch,constant momentum,True,330,0.03784679200180108,5.209780827114561e-07,2.6108672515623432e-15,1.2927912321784159e-08,1.292791315551697e-08,1.0,1.0,501,1000,350,20,3,500,10000,0.05,83.60615120660374,0.05,1672.1230241320748
synthetic_parameter_epsilon,synthetic_well_conditioned,well_corr_0_9,correlation,0.9,1e-06,Nesterov,scratch,constant beta,True,351,0.04098862500541145,9.880499949887405e-07,6.217803073631234e-12,1.4052783687499852e-05,1.4052783685737127e-05,1.0,1.0,501,1000,350,20,3,500,10000,0.05,83.60615120660374,0.05,1672.1230241320748
synthetic_parameter_epsilon,synthetic_well_conditioned,well_corr_0_9,correlation,0.9,1e-07,LDLT,scratch,,True,0,0.1699306670052465,3.8768207895863186e-15,0.0,1.2161367488258673e-13,0.0,1.0,1.0,501,1000,350,20,3,500,10000,0.05,83.60615120660374,0.05,1672.1230241320748
synthetic_parameter_epsilon,synthetic_well_conditioned,well_corr_0_9,correlation,0.9,1e-07,Heavy Ball,scratch,constant momentum,True,362,0.04644166700018104,8.061997633086332e-08,6.16911036144252e-17,2.2182465314836034e-09,2.2182471839913587e-09,1.0,1.0,501,1000,350,20,3,500,10000,0.05,83.60615120660374,0.05,1672.1230241320748
synthetic_parameter_epsilon,synthetic_well_conditioned,well_corr_0_9,correlation,0.9,1e-07,Nesterov,scratch,constant beta,True,448,0.04370208399632247,9.883572446129661e-08,5.291567965054478e-14,1.2596047368216023e-06,1.259604734107994e-06,1.0,1.0,501,1000,350,20,3,500,10000,0.05,83.60615120660374,0.05,1672.1230241320748
synthetic_parameter_epsilon,synthetic_ill_conditioned,ill_corr_0_1,correlation,0.1,0.001,LDLT,scratch,,True,0,0.13641099999949802,7.978427783743972e-15,0.0,1.867287747402807e-12,0.0,1.0,0.9971428571428571,501,1000,350,20,3,500,10000,0.001,133.08106134287243,0.001,133081.06134287242
synthetic_parameter_epsilon,synthetic_ill_conditioned,ill_corr_0_1,correlation,0.1,0.001,Heavy Ball,scratch,constant momentum,True,1418,0.24886425000295276,0.0009878705393115785,3.0642341311906685e-08,0.0003808739604233491,0.00038087396036404203,1.0,0.9971428571428571,501,1000,350,20,3,500,10000,0.001,133.08106134287243,0.001,133081.06134287242
synthetic_parameter_epsilon,synthetic_ill_conditioned,ill_corr_0_1,correlation,0.1,0.001,Nesterov,scratch,constant beta,True,992,0.2330279590023565,0.0009840180108841104,3.1729141121192295e-05,0.06017260080254686,0.060172600802564744,1.0,0.9971428571428571,501,1000,350,20,3,500,10000,0.001,133.08106134287243,0.001,133081.06134287242
synthetic_parameter_epsilon,synthetic_ill_conditioned,ill_corr_0_1,correlation,0.1,1e-05,LDLT,scratch,,True,0,0.13641099999949802,7.978427783743972e-15,0.0,1.867287747402807e-12,0.0,1.0,0.9971428571428571,501,1000,350,20,3,500,10000,0.001,133.08106134287243,0.001,133081.06134287242
synthetic_parameter_epsilon,synthetic_ill_conditioned,ill_corr_0_1,correlation,0.1,1e-05,Heavy Ball,scratch,constant momentum,True,2206,0.36863000000448665,9.68201345020926e-06,4.6430333536240376e-12,4.997807274109851e-06,4.997807285300372e-06,1.0,0.9971428571428571,501,1000,350,20,3,500,10000,0.001,133.08106134287243,0.001,133081.06134287242
synthetic_parameter_epsilon,synthetic_ill_conditioned,ill_corr_0_1,correlation,0.1,1e-05,Nesterov,scratch,constant beta,True,2576,0.34642375000112224,9.971999145395214e-06,4.953108584740407e-09,0.0007741999676377986,0.0007741999675518049,1.0,0.9971428571428571,501,1000,350,20,3,500,10000,0.001,133.08106134287243,0.001,133081.06134287242
synthetic_parameter_epsilon,synthetic_ill_conditioned,ill_corr_0_1,correlation,0.1,1e-06,LDLT,scratch,,True,0,0.13641099999949802,7.978427783743972e-15,0.0,1.867287747402807e-12,0.0,1.0,0.9971428571428571,501,1000,350,20,3,500,10000,0.001,133.08106134287243,0.001,133081.06134287242
synthetic_parameter_epsilon,synthetic_ill_conditioned,ill_corr_0_1,correlation,0.1,1e-06,Heavy Ball,scratch,constant momentum,True,2663,0.3518990419979673,5.271288858168614e-07,1.9350840374521283e-14,4.114620917401466e-07,4.1146218656977746e-07,1.0,0.9971428571428571,501,1000,350,20,3,500,10000,0.001,133.08106134287243,0.001,133081.06134287242
synthetic_parameter_epsilon,synthetic_ill_conditioned,ill_corr_0_1,correlation,0.1,1e-06,Nesterov,scratch,constant beta,True,3397,0.3549462090013549,9.995017207113868e-07,4.905778908104175e-11,7.614249802261118e-05,7.614249797294206e-05,1.0,0.9971428571428571,501,1000,350,20,3,500,10000,0.001,133.08106134287243,0.001,133081.06134287242
synthetic_parameter_epsilon,synthetic_ill_conditioned,ill_corr_0_1,correlation,0.1,1e-07,LDLT,scratch,,True,0,0.13641099999949802,7.978427783743972e-15,0.0,1.867287747402807e-12,0.0,1.0,0.9971428571428571,501,1000,350,20,3,500,10000,0.001,133.08106134287243,0.001,133081.06134287242
synthetic_parameter_epsilon,synthetic_ill_conditioned,ill_corr_0_1,correlation,0.1,1e-07,Heavy Ball,scratch,constant momentum,True,3120,0.3142894580014399,2.194341149508222e-08,4.683753385137379e-17,3.340659963294879e-08,3.340652535179749e-08,1.0,0.9971428571428571,501,1000,350,20,3,500,10000,0.001,133.08106134287243,0.001,133081.06134287242
synthetic_parameter_epsilon,synthetic_ill_conditioned,ill_corr_0_1,correlation,0.1,1e-07,Nesterov,scratch,constant beta,True,4230,0.4296314169987454,9.999840151606002e-08,5.155823684654948e-13,7.967874347214037e-06,7.967874328079944e-06,1.0,0.9971428571428571,501,1000,350,20,3,500,10000,0.001,133.08106134287243,0.001,133081.06134287242
synthetic_parameter_epsilon,synthetic_ill_conditioned,ill_corr_0_2,correlation,0.2,0.001,LDLT,scratch,,True,0,0.1550801249977667,6.5032284976669344e-15,4.336808689942018e-19,2.4533779849665835e-12,0.0,1.0,1.0,501,1000,350,20,3,500,10000,0.001,131.87706499882174,0.001,131877.06499882173
synthetic_parameter_epsilon,synthetic_ill_conditioned,ill_corr_0_2,correlation,0.2,0.001,Heavy Ball,scratch,constant momentum,True,1418,0.20814383299875772,0.0009189233316810953,2.5016279848414508e-08,0.00035311028953820115,0.0003531102895761423,1.0,1.0,501,1000,350,20,3,500,10000,0.001,131.87706499882174,0.001,131877.06499882173
synthetic_parameter_epsilon,synthetic_ill_conditioned,ill_corr_0_2,correlation,0.2,0.001,Nesterov,scratch,constant beta,True,938,0.10180016699450789,0.0009932688296762375,2.947078440123079e-05,0.06543236672887533,0.06543236672888034,1.0,1.0,501,1000,350,20,3,500,10000,0.001,131.87706499882174,0.001,131877.06499882173
synthetic_parameter_epsilon,synthetic_ill_conditioned,ill_corr_0_2,correlation,0.2,1e-05,LDLT,scratch,,True,0,0.1550801249977667,6.5032284976669344e-15,4.336808689942018e-19,2.4533779849665835e-12,0.0,1.0,1.0,501,1000,350,20,3,500,10000,0.001,131.87706499882174,0.001,131877.06499882173
synthetic_parameter_epsilon,synthetic_ill_conditioned,ill_corr_0_2,correlation,0.2,1e-05,Heavy Ball,scratch,constant momentum,True,2269,0.23262666699883994,7.918235563908418e-06,2.653131186969304e-12,3.3236766148331443e-06,3.3236764947258214e-06,1.0,1.0,501,1000,350,20,3,500,10000,0.001,131.87706499882174,0.001,131877.06499882173
synthetic_parameter_epsilon,synthetic_ill_conditioned,ill_corr_0_2,correlation,0.2,1e-05,Nesterov,scratch,constant beta,True,2485,0.2554655839994666,9.97616257144877e-06,4.599348078174886e-09,0.0008849170681963363,0.0008849170682408971,1.0,1.0,501,1000,350,20,3,500,10000,0.001,131.87706499882174,0.001,131877.06499882173
synthetic_parameter_epsilon,synthetic_ill_conditioned,ill_corr_0_2,correlation,0.2,1e-06,LDLT,scratch,,True,0,0.1550801249977667,6.5032284976669344e-15,4.336808689942018e-19,2.4533779849665835e-12,0.0,1.0,1.0,501,1000,350,20,3,500,10000,0.001,131.87706499882174,0.001,131877.06499882173
synthetic_parameter_epsilon,synthetic_ill_conditioned,ill_corr_0_2,correlation,0.2,1e-06,Heavy Ball,scratch,constant momentum,True,2726,0.26178566699672956,6.139948321266629e-07,1.4631091477257385e-14,2.739868017960199e-07,2.7398681427635045e-07,1.0,1.0,501,1000,350,20,3,500,10000,0.001,131.87706499882174,0.001,131877.06499882173
synthetic_parameter_epsilon,synthetic_ill_conditioned,ill_corr_0_2,correlation,0.2,1e-06,Nesterov,scratch,constant beta,True,3310,0.33824162500241073,9.99751229601143e-07,4.621521958528274e-11,8.741471079881281e-05,8.74147108261749e-05,1.0,1.0,501,1000,350,20,3,500,10000,0.001,131.87706499882174,0.001,131877.06499882173
synthetic_parameter_epsilon,synthetic_ill_conditioned,ill_corr_0_2,correlation,0.2,1e-07,LDLT,scratch,,True,0,0.1550801249977667,6.5032284976669344e-15,4.336808689942018e-19,2.4533779849665835e-12,0.0,1.0,1.0,501,1000,350,20,3,500,10000,0.001,131.87706499882174,0.001,131877.06499882173
synthetic_parameter_epsilon,synthetic_ill_conditioned,ill_corr_0_2,correlation,0.2,1e-07,Heavy Ball,scratch,constant momentum,True,3120,0.305742000004102,2.1409807517334418e-08,2.7755575615628914e-17,3.0160823535245944e-08,3.01608133535308e-08,1.0,1.0,501,1000,350,20,3,500,10000,0.001,131.87706499882174,0.001,131877.06499882173
synthetic_parameter_epsilon,synthetic_ill_conditioned,ill_corr_0_2,correlation,0.2,1e-07,Nesterov,scratch,constant beta,True,4128,0.42034962499747053,9.979520422181546e-08,4.904878586620143e-13,9.220535814875026e-06,9.220535732885635e-06,1.0,1.0,501,1000,350,20,3,500,10000,0.001,131.87706499882174,0.001,131877.06499882173
synthetic_parameter_epsilon,synthetic_ill_conditioned,ill_corr_0_3,correlation,0.3,0.001,LDLT,scratch,,True,0,0.1575961249982356,6.408259426809069e-15,0.0,2.8584334634099124e-12,0.0,1.0,1.0,501,1000,350,20,3,500,10000,0.001,132.52273962186314,0.001,132522.73962186315
synthetic_parameter_epsilon,synthetic_ill_conditioned,ill_corr_0_3,correlation,0.3,0.001,Heavy Ball,scratch,constant momentum,True,1481,0.22924349999811966,0.0006690620806512487,1.4499797507203788e-08,0.0002500134685187511,0.0002500134685194799,1.0,1.0,501,1000,350,20,3,500,10000,0.001,132.52273962186314,0.001,132522.73962186315
synthetic_parameter_epsilon,synthetic_ill_conditioned,ill_corr_0_3,correlation,0.3,0.001,Nesterov,scratch,constant beta,True,946,0.0924513330028276,0.0009977913867362496,2.324982763991226e-05,0.06450599184002784,0.06450599184001196,1.0,1.0,501,1000,350,20,3,500,10000,0.001,132.52273962186314,0.001,132522.73962186315
synthetic_parameter_epsilon,synthetic_ill_conditioned,ill_corr_0_3,correlation,0.3,1e-05,LDLT,scratch,,True,0,0.1575961249982356,6.408259426809069e-15,0.0,2.8584334634099124e-12,0.0,1.0,1.0,501,1000,350,20,3,500,10000,0.001,132.52273962186314,0.001,132522.73962186315
synthetic_parameter_epsilon,synthetic_ill_conditioned,ill_corr_0_3,correlation,0.3,1e-05,Heavy Ball,scratch,constant momentum,True,2269,0.24011512500146637,6.84136700666974e-06,1.6003400861441808e-12,3.3216984837321893e-06,3.321698449446914e-06,1.0,1.0,501,1000,350,20,3,500,10000,0.001,132.52273962186314,0.001,132522.73962186315
synthetic_parameter_epsilon,synthetic_ill_conditioned,ill_corr_0_3,correlation,0.3,1e-05,Nesterov,scratch,constant beta,True,2531,0.24914354200154776,9.979290609343961e-06,3.3721064937770884e-09,0.0007644025103820866,0.0007644025103950897,1.0,1.0,501,1000,350,20,3,500,10000,0.001,132.52273962186314,0.001,132522.73962186315
synthetic_parameter_epsilon,synthetic_ill_conditioned,ill_corr_0_3,correlation,0.3,1e-06,LDLT,scratch,,True,0,0.1575961249982356,6.408259426809069e-15,0.0,2.8584334634099124e-12,0.0,1.0,1.0,501,1000,350,20,3,500,10000,0.001,132.52273962186314,0.001,132522.73962186315
synthetic_parameter_epsilon,synthetic_ill_conditioned,ill_corr_0_3,correlation,0.3,1e-06,Heavy Ball,scratch,constant momentum,True,2663,0.302115042002697,7.586916099768304e-07,2.0378230353168547e-14,3.594875234201632e-07,3.5948746012865514e-07,1.0,1.0,501,1000,350,20,3,500,10000,0.001,132.52273962186314,0.001,132522.73962186315
synthetic_parameter_epsilon,synthetic_ill_conditioned,ill_corr_0_3,correlation,0.3,1e-06,Nesterov,scratch,constant beta,True,3342,0.3231668750013341,9.957729591822801e-07,3.4450264255886376e-11,7.99994401253173e-05,7.999944012194688e-05,1.0,1.0,501,1000,350,20,3,500,10000,0.001,132.52273962186314,0.001,132522.73962186315
synthetic_parameter_epsilon,synthetic_ill_conditioned,ill_corr_0_3,correlation,0.3,1e-07,LDLT,scratch,,True,0,0.1575961249982356,6.408259426809069e-15,0.0,2.8584334634099124e-12,0.0,1.0,1.0,501,1000,350,20,3,500,10000,0.001,132.52273962186314,0.001,132522.73962186315
synthetic_parameter_epsilon,synthetic_ill_conditioned,ill_corr_0_3,correlation,0.3,1e-07,Heavy Ball,scratch,constant momentum,True,3057,0.2776098749964149,8.838953383642819e-08,2.8232624571522535e-16,4.293165530149198e-08,4.293161588795458e-08,1.0,1.0,501,1000,350,20,3,500,10000,0.001,132.52273962186314,0.001,132522.73962186315
synthetic_parameter_epsilon,synthetic_ill_conditioned,ill_corr_0_3,correlation,0.3,1e-07,Nesterov,scratch,constant beta,True,4175,0.39244912499998463,9.986848899854594e-08,3.6567060143766206e-13,8.347918199822514e-06,8.347918100208664e-06,1.0,1.0,501,1000,350,20,3,500,10000,0.001,132.52273962186314,0.001,132522.73962186315
synthetic_parameter_epsilon,synthetic_ill_conditioned,ill_corr_0_4,correlation,0.4,0.001,LDLT,scratch,,True,0,0.14705262499774108,8.137008065542885e-15,0.0,3.175145797616076e-12,0.0,1.0,1.0,501,1000,350,20,3,500,10000,0.001,130.48595148061185,0.001,130485.95148061184
synthetic_parameter_epsilon,synthetic_ill_conditioned,ill_corr_0_4,correlation,0.4,0.001,Heavy Ball,scratch,constant momentum,True,1465,0.2418056250025984,0.0009271675885808478,1.4464914382819952e-08,0.00026571705734907525,0.00026571705743604567,1.0,1.0,501,1000,350,20,3,500,10000,0.001,130.48595148061185,0.001,130485.95148061184
synthetic_parameter_epsilon,synthetic_ill_conditioned,ill_corr_0_4,correlation,0.4,0.001,Nesterov,scratch,constant beta,True,884,0.15367949999927077,0.000978415943337457,2.2693687142176554e-05,0.07641268834779964,0.07641268834766837,1.0,1.0,501,1000,350,20,3,500,10000,0.001,130.48595148061185,0.001,130485.95148061184
synthetic_parameter_epsilon,synthetic_ill_conditioned,ill_corr_0_4,correlation,0.4,1e-05,LDLT,scratch,,True,0,0.14705262499774108,8.137008065542885e-15,0.0,3.175145797616076e-12,0.0,1.0,1.0,501,1000,350,20,3,500,10000,0.001,130.48595148061185,0.001,130485.95148061184
synthetic_parameter_epsilon,synthetic_ill_conditioned,ill_corr_0_4,correlation,0.4,1e-05,Heavy Ball,scratch,constant momentum,True,2206,0.22364945900335442,8.629813720312328e-06,2.091156458064458e-12,4.556936548293712e-06,4.556936606412192e-06,1.0,1.0,501,1000,350,20,3,500,10000,0.001,130.48595148061185,0.001,130485.95148061184
synthetic_parameter_epsilon,synthetic_ill_conditioned,ill_corr_0_4,correlation,0.4,1e-05,Nesterov,scratch,constant beta,True,2421,0.2420182920031948,9.995492373657542e-06,4.4399279333379865e-09,0.0010371714267111472,0.0010371714267311963,1.0,1.0,501,1000,350,20,3,500,10000,0.001,130.48595148061185,0.001,130485.95148061184
synthetic_parameter_epsilon,synthetic_ill_conditioned,ill_corr_0_4,correlation,0.4,1e-06,LDLT,scratch,,True,0,0.14705262499774108,8.137008065542885e-15,0.0,3.175145797616076e-12,0.0,1.0,1.0,501,1000,350,20,3,500,10000,0.001,130.48595148061185,0.001,130485.95148061184
synthetic_parameter_epsilon,synthetic_ill_conditioned,ill_corr_0_4,correlation,0.4,1e-06,Heavy Ball,scratch,constant momentum,True,2663,0.26032979199953843,6.663152242446701e-07,1.7792841852659613e-14,3.4510856910585884e-07,3.451086589918135e-07,1.0,1.0,501,1000,350,20,3,500,10000,0.001,130.48595148061185,0.001,130485.95148061184
synthetic_parameter_epsilon,synthetic_ill_conditioned,ill_corr_0_4,correlation,0.4,1e-06,Nesterov,scratch,constant beta,True,3235,0.3241499590003514,9.97262057559176e-07,4.4161283570959275e-11,0.00010359952502902431,0.00010359952512537918,1.0,1.0,501,1000,350,20,3,500,10000,0.001,130.48595148061185,0.001,130485.95148061184
synthetic_parameter_epsilon,synthetic_ill_conditioned,ill_corr_0_4,correlation,0.4,1e-07,LDLT,scratch,,True,0,0.14705262499774108,8.137008065542885e-15,0.0,3.175145797616076e-12,0.0,1.0,1.0,501,1000,350,20,3,500,10000,0.001,130.48595148061185,0.001,130485.95148061184
synthetic_parameter_epsilon,synthetic_ill_conditioned,ill_corr_0_4,correlation,0.4,1e-07,Heavy Ball,scratch,constant momentum,True,3120,0.3082970839968766,5.533259658200001e-08,1.1362438767648086e-16,2.8391991019322963e-08,2.8391964129338714e-08,1.0,1.0,501,1000,350,20,3,500,10000,0.001,130.48595148061185,0.001,130485.95148061184
synthetic_parameter_epsilon,synthetic_ill_conditioned,ill_corr_0_4,correlation,0.4,1e-07,Nesterov,scratch,constant beta,True,4040,0.41241662499669474,9.982797224941158e-08,4.838241352694839e-13,1.1412342446870292e-05,1.1412342494186151e-05,1.0,1.0,501,1000,350,20,3,500,10000,0.001,130.48595148061185,0.001,130485.95148061184
synthetic_parameter_epsilon,synthetic_ill_conditioned,ill_corr_0_5,correlation,0.5,0.001,LDLT,scratch,,True,0,0.16547091599932173,6.858635562099225e-15,0.0,3.259103499908595e-12,0.0,1.0,1.0,501,1000,350,20,3,500,10000,0.001,132.455625205307,0.001,132455.625205307
synthetic_parameter_epsilon,synthetic_ill_conditioned,ill_corr_0_5,correlation,0.5,0.001,Heavy Ball,scratch,constant momentum,True,1465,0.19990879199758638,0.000909152638096194,8.836098327850983e-09,0.0002709738978831723,0.0002709738980031362,1.0,1.0,501,1000,350,20,3,500,10000,0.001,132.455625205307,0.001,132455.625205307
synthetic_parameter_epsilon,synthetic_ill_conditioned,ill_corr_0_5,correlation,0.5,0.001,Nesterov,scratch,constant beta,True,916,0.10692945800110465,0.0009999921841829411,2.229958842076083e-05,0.06978149987337863,0.06978149987330513,1.0,1.0,501,1000,350,20,3,500,10000,0.001,132.455625205307,0.001,132455.625205307
synthetic_parameter_epsilon,synthetic_ill_conditioned,ill_corr_0_5,correlation,0.5,1e-05,LDLT,scratch,,True,0,0.16547091599932173,6.858635562099225e-15,0.0,3.259103499908595e-12,0.0,1.0,1.0,501,1000,350,20,3,500,10000,0.001,132.455625205307,0.001,132455.625205307
synthetic_parameter_epsilon,synthetic_ill_conditioned,ill_corr_0_5,correlation,0.5,1e-05,Heavy Ball,scratch,constant momentum,True,2269,0.22966579200146953,9.067880836501592e-06,2.9789751394837527e-12,3.2173732176907063e-06,3.2173731987140677e-06,1.0,1.0,501,1000,350,20,3,500,10000,0.001,132.455625205307,0.001,132455.625205307
synthetic_parameter_epsilon,synthetic_ill_conditioned,ill_corr_0_5,correlation,0.5,1e-05,Nesterov,scratch,constant beta,True,2428,0.24428716599504696,9.959275091559235e-06,4.382032640394551e-09,0.0010094177734243925,0.0010094177734187373,1.0,1.0,501,1000,350,20,3,500,10000,0.001,132.455625205307,0.001,132455.625205307
synthetic_parameter_epsilon,synthetic_ill_conditioned,ill_corr_0_5,correlation,0.5,1e-06,LDLT,scratch,,True,0,0.16547091599932173,6.858635562099225e-15,0.0,3.259103499908595e-12,0.0,1.0,1.0,501,1000,350,20,3,500,10000,0.001,132.455625205307,0.001,132455.625205307
synthetic_parameter_epsilon,synthetic_ill_conditioned,ill_corr_0_5,correlation,0.5,1e-06,Heavy Ball,scratch,constant momentum,True,2726,0.2870517499977723,5.134080613157964e-07,8.830176173590942e-15,2.799670122621453e-07,2.799668986733848e-07,1.0,1.0,501,1000,350,20,3,500,10000,0.001,132.455625205307,0.001,132455.625205307
synthetic_parameter_epsilon,synthetic_ill_conditioned,ill_corr_0_5,correlation,0.5,1e-06,Nesterov,scratch,constant beta,True,3248,0.34140966599807143,9.991206541093853e-07,4.667309984676682e-11,0.00010696686856823951,0.00010696686878606798,1.0,1.0,501,1000,350,20,3,500,10000,0.001,132.455625205307,0.001,132455.625205307
synthetic_parameter_epsilon,synthetic_ill_conditioned,ill_corr_0_5,correlation,0.5,1e-07,LDLT,scratch,,True,0,0.16547091599932173,6.858635562099225e-15,0.0,3.259103499908595e-12,0.0,1.0,1.0,501,1000,350,20,3,500,10000,0.001,132.455625205307,0.001,132455.625205307
synthetic_parameter_epsilon,synthetic_ill_conditioned,ill_corr_0_5,correlation,0.5,1e-07,Heavy Ball,scratch,constant momentum,True,3057,0.3584375829959754,6.928816085389679e-08,1.450662506785605e-16,4.314715230342734e-08,4.3147080520937434e-08,1.0,1.0,501,1000,350,20,3,500,10000,0.001,132.455625205307,0.001,132455.625205307
synthetic_parameter_epsilon,synthetic_ill_conditioned,ill_corr_0_5,correlation,0.5,1e-07,Nesterov,scratch,constant beta,True,4068,0.4744068750005681,9.996749337171805e-08,4.5246467163251314e-13,1.0858005373617646e-05,1.0858005482077234e-05,1.0,1.0,501,1000,350,20,3,500,10000,0.001,132.455625205307,0.001,132455.625205307
synthetic_parameter_epsilon,synthetic_ill_conditioned,ill_corr_0_6,correlation,0.6,0.001,LDLT,scratch,,True,0,0.15313241599506,5.708862897759783e-15,0.0,2.81569896951524e-12,0.0,1.0,1.0,501,1000,350,20,3,500,10000,0.001,133.18441545395987,0.001,133184.41545395987
synthetic_parameter_epsilon,synthetic_ill_conditioned,ill_corr_0_6,correlation,0.6,0.001,Heavy Ball,scratch,constant momentum,True,1402,0.20742891600093571,0.0009939571958629415,1.0561526805029364e-08,0.00040563452137559226,0.00040563452131747463,1.0,1.0,501,1000,350,20,3,500,10000,0.001,133.18441545395987,0.001,133184.41545395987
synthetic_parameter_epsilon,synthetic_ill_conditioned,ill_corr_0_6,correlation,0.6,0.001,Nesterov,scratch,constant beta,True,892,0.10897141700115753,0.0009970785240656947,3.2385103552419036e-05,0.07504897605492451,0.07504897605496001,1.0,1.0,501,1000,350,20,3,500,10000,0.001,133.18441545395987,0.001,133184.41545395987
synthetic_parameter_epsilon,synthetic_ill_conditioned,ill_corr_0_6,correlation,0.6,1e-05,LDLT,scratch,,True,0,0.15313241599506,5.708862897759783e-15,0.0,2.81569896951524e-12,0.0,1.0,1.0,501,1000,350,20,3,500,10000,0.001,133.18441545395987,0.001,133184.41545395987
synthetic_parameter_epsilon,synthetic_ill_conditioned,ill_corr_0_6,correlation,0.6,1e-05,Heavy Ball,scratch,constant momentum,True,2269,0.2425234170004842,9.059061705080282e-06,2.9501865360381796e-12,3.521967106086661e-06,3.5219671002318914e-06,1.0,1.0,501,1000,350,20,3,500,10000,0.001,133.18441545395987,0.001,133184.41545395987
synthetic_parameter_epsilon,synthetic_ill_conditioned,ill_corr_0_6,correlation,0.6,1e-05,Nesterov,scratch,constant beta,True,2525,0.26626779200159945,9.989834104849569e-06,3.96288322209587e-09,0.0008194731648062149,0.000819473164738212,1.0,1.0,501,1000,350,20,3,500,10000,0.001,133.18441545395987,0.001,133184.41545395987
synthetic_parameter_epsilon,synthetic_ill_conditioned,ill_corr_0_6,correlation,0.6,1e-06,LDLT,scratch,,True,0,0.15313241599506,5.708862897759783e-15,0.0,2.81569896951524e-12,0.0,1.0,1.0,501,1000,350,20,3,500,10000,0.001,133.18441545395987,0.001,133184.41545395987
synthetic_parameter_epsilon,synthetic_ill_conditioned,ill_corr_0_6,correlation,0.6,1e-06,Heavy Ball,scratch,constant momentum,True,2600,0.3042641249994631,9.074760689397464e-07,1.7411853209248207e-14,5.78574224112546e-07,5.785742976457289e-07,1.0,1.0,501,1000,350,20,3,500,10000,0.001,133.18441545395987,0.001,133184.41545395987
synthetic_parameter_epsilon,synthetic_ill_conditioned,ill_corr_0_6,correlation,0.6,1e-06,Nesterov,scratch,constant beta,True,3327,0.3782869999995455,9.994262319748243e-07,4.240602573951646e-11,8.871150977088761e-05,8.871150978407098e-05,1.0,1.0,501,1000,350,20,3,500,10000,0.001,133.18441545395987,0.001,133184.41545395987
synthetic_parameter_epsilon,synthetic_ill_conditioned,ill_corr_0_6,correlation,0.6,1e-07,LDLT,scratch,,True,0,0.15313241599506,5.708862897759783e-15,0.0,2.81569896951524e-12,0.0,1.0,1.0,501,1000,350,20,3,500,10000,0.001,133.18441545395987,0.001,133184.41545395987
synthetic_parameter_epsilon,synthetic_ill_conditioned,ill_corr_0_6,correlation,0.6,1e-07,Heavy Ball,scratch,constant momentum,True,3120,0.30923883299692534,7.312753209580642e-08,2.445960101127298e-16,3.259223167982917e-08,3.259216647683262e-08,1.0,1.0,501,1000,350,20,3,500,10000,0.001,133.18441545395987,0.001,133184.41545395987
synthetic_parameter_epsilon,synthetic_ill_conditioned,ill_corr_0_6,correlation,0.6,1e-07,Nesterov,scratch,constant beta,True,4152,0.4605000840019784,9.99958784360459e-08,4.611393732145697e-13,9.269382422431139e-06,9.269382393424087e-06,1.0,1.0,501,1000,350,20,3,500,10000,0.001,133.18441545395987,0.001,133184.41545395987
synthetic_parameter_epsilon,synthetic_ill_conditioned,ill_corr_0_7,correlation,0.7,0.001,LDLT,scratch,,True,0,0.1636341249977704,4.5819634344720195e-15,0.0,3.910299525915286e-12,0.0,1.0,1.0,501,1000,350,20,3,500,10000,0.001,130.67213954592197,0.001,130672.13954592196
synthetic_parameter_epsilon,synthetic_ill_conditioned,ill_corr_0_7,correlation,0.7,0.001,Heavy Ball,scratch,constant momentum,True,1150,0.15367829200113192,0.0005393888013148515,2.2402265421840248e-08,0.0015511946830466807,0.001551194683041687,1.0,1.0,501,1000,350,20,3,500,10000,0.001,130.67213954592197,0.001,130672.13954592196
synthetic_parameter_epsilon,synthetic_ill_conditioned,ill_corr_0_7,correlation,0.7,0.001,Nesterov,scratch,constant beta,True,886,0.11468783299642382,0.0009986318004844457,2.1444420518948893e-05,0.07387820590999698,0.07387820590994411,1.0,1.0,501,1000,350,20,3,500,10000,0.001,130.67213954592197,0.001,130672.13954592196
synthetic_parameter_epsilon,synthetic_ill_conditioned,ill_corr_0_7,correlation,0.7,1e-05,LDLT,scratch,,True,0,0.1636341249977704,4.5819634344720195e-15,0.0,3.910299525915286e-12,0.0,1.0,1.0,501,1000,350,20,3,500,10000,0.001,130.67213954592197,0.001,130672.13954592196
synthetic_parameter_epsilon,synthetic_ill_conditioned,ill_corr_0_7,correlation,0.7,1e-05,Heavy Ball,scratch,constant momentum,True,2332,0.26132116700318875,6.1485130482714575e-06,1.416026150502514e-12,2.209222525982078e-06,2.209222540635303e-06,1.0,1.0,501,1000,350,20,3,500,10000,0.001,130.67213954592197,0.001,130672.13954592196
synthetic_parameter_epsilon,synthetic_ill_conditioned,ill_corr_0_7,correlation,0.7,1e-05,Nesterov,scratch,constant beta,True,2403,0.26056433399935486,9.982495297337465e-06,4.4937453901224e-09,0.001088853098826063,0.0010888530988246178,1.0,1.0,501,1000,350,20,3,500,10000,0.001,130.67213954592197,0.001,130672.13954592196
synthetic_parameter_epsilon,synthetic_ill_conditioned,ill_corr_0_7,correlation,0.7,1e-06,LDLT,scratch,,True,0,0.1636341249977704,4.5819634344720195e-15,0.0,3.910299525915286e-12,0.0,1.0,1.0,501,1000,350,20,3,500,10000,0.001,130.67213954592197,0.001,130672.13954592196
synthetic_parameter_epsilon,synthetic_ill_conditioned,ill_corr_0_7,correlation,0.7,1e-06,Heavy Ball,scratch,constant momentum,True,2726,0.26495237500057556,2.6706036753954047e-07,2.970713952610282e-15,2.3591771419735227e-07,2.3591773235062827e-07,1.0,1.0,501,1000,350,20,3,500,10000,0.001,130.67213954592197,0.001,130672.13954592196
synthetic_parameter_epsilon,synthetic_ill_conditioned,ill_corr_0_7,correlation,0.7,1e-06,Nesterov,scratch,constant beta,True,3197,0.32341633399482816,9.99801765634402e-07,4.723375596898949e-11,0.00011500470208443613,0.00011500470214352741,1.0,1.0,501,1000,350,20,3,500,10000,0.001,130.67213954592197,0.001,130672.13954592196
synthetic_parameter_epsilon,synthetic_ill_conditioned,ill_corr_0_7,correlation,0.7,1e-07,LDLT,scratch,,True,0,0.1636341249977704,4.5819634344720195e-15,0.0,3.910299525915286e-12,0.0,1.0,1.0,501,1000,350,20,3,500,10000,0.001,130.67213954592197,0.001,130672.13954592196
synthetic_parameter_epsilon,synthetic_ill_conditioned,ill_corr_0_7,correlation,0.7,1e-07,Heavy Ball,scratch,constant momentum,True,3120,0.3295748750024359,9.562754399430344e-08,2.909998630951094e-16,2.9121363330847393e-08,2.9121440807541235e-08,1.0,1.0,501,1000,350,20,3,500,10000,0.001,130.67213954592197,0.001,130672.13954592196
synthetic_parameter_epsilon,synthetic_ill_conditioned,ill_corr_0_7,correlation,0.7,1e-07,Nesterov,scratch,constant beta,True,4019,0.4151172089987085,9.976820424457787e-08,4.735144568113192e-13,1.1439208376367517e-05,1.1439208473653876e-05,1.0,1.0,501,1000,350,20,3,500,10000,0.001,130.67213954592197,0.001,130672.13954592196
synthetic_parameter_epsilon,synthetic_ill_conditioned,ill_corr_0_8,correlation,0.8,0.001,LDLT,scratch,,True,0,0.15711670900054742,5.586597385059186e-15,0.0,4.058551562778596e-12,0.0,1.0,1.0,501,1000,350,20,3,500,10000,0.001,131.55206483714812,0.001,131552.06483714812
synthetic_parameter_epsilon,synthetic_ill_conditioned,ill_corr_0_8,correlation,0.8,0.001,Heavy Ball,scratch,constant momentum,True,1481,0.2687226250054664,0.0009034713126041081,2.5441835304089097e-08,0.0002255457550476729,0.0002255457548580726,1.0,1.0,501,1000,350,20,3,500,10000,0.001,131.55206483714812,0.001,131552.06483714812
synthetic_parameter_epsilon,synthetic_ill_conditioned,ill_corr_0_8,correlation,0.8,0.001,Nesterov,scratch,constant beta,True,791,0.09496170799684478,0.0009886074434427906,1.9361981455275415e-05,0.09151403625104848,0.09151403625107529,1.0,1.0,501,1000,350,20,3,500,10000,0.001,131.55206483714812,0.001,131552.06483714812
synthetic_parameter_epsilon,synthetic_ill_conditioned,ill_corr_0_8,correlation,0.8,1e-05,LDLT,scratch,,True,0,0.15711670900054742,5.586597385059186e-15,0.0,4.058551562778596e-12,0.0,1.0,1.0,501,1000,350,20,3,500,10000,0.001,131.55206483714812,0.001,131552.06483714812
synthetic_parameter_epsilon,synthetic_ill_conditioned,ill_corr_0_8,correlation,0.8,1e-05,Heavy Ball,scratch,constant momentum,True,2206,0.22913987500214716,8.15320696923062e-06,1.4072939862053158e-12,4.140296912619206e-06,4.1402969031474696e-06,1.0,1.0,501,1000,350,20,3,500,10000,0.001,131.55206483714812,0.001,131552.06483714812
synthetic_parameter_epsilon,synthetic_ill_conditioned,ill_corr_0_8,correlation,0.8,1e-05,Nesterov,scratch,constant beta,True,2305,0.2290063340042252,9.940984583428748e-06,4.063935725591959e-09,0.0013664387853364551,0.0013664387852784009,1.0,1.0,501,1000,350,20,3,500,10000,0.001,131.55206483714812,0.001,131552.06483714812
synthetic_parameter_epsilon,synthetic_ill_conditioned,ill_corr_0_8,correlation,0.8,1e-06,LDLT,scratch,,True,0,0.15711670900054742,5.586597385059186e-15,0.0,4.058551562778596e-12,0.0,1.0,1.0,501,1000,350,20,3,500,10000,0.001,131.55206483714812,0.001,131552.06483714812
synthetic_parameter_epsilon,synthetic_ill_conditioned,ill_corr_0_8,correlation,0.8,1e-06,Heavy Ball,scratch,constant momentum,True,2663,0.27605045800009975,7.547654683831597e-07,1.7899527346432187e-14,3.366991218089318e-07,3.3669911130754606e-07,1.0,1.0,501,1000,350,20,3,500,10000,0.001,131.55206483714812,0.001,131552.06483714812
synthetic_parameter_epsilon,synthetic_ill_conditioned,ill_corr_0_8,correlation,0.8,1e-06,Nesterov,scratch,constant beta,True,3084,0.3985183330005384,9.976915301182826e-07,4.874558547605934e-11,0.00015548176397580797,0.00015548176378598987,1.0,1.0,501,1000,350,20,3,500,10000,0.001,131.55206483714812,0.001,131552.06483714812
synthetic_parameter_epsilon,synthetic_ill_conditioned,ill_corr_0_8,correlation,0.8,1e-07,LDLT,scratch,,True,0,0.15711670900054742,5.586597385059186e-15,0.0,4.058551562778596e-12,0.0,1.0,1.0,501,1000,350,20,3,500,10000,0.001,131.55206483714812,0.001,131552.06483714812
synthetic_parameter_epsilon,synthetic_ill_conditioned,ill_corr_0_8,correlation,0.8,1e-07,Heavy Ball,scratch,constant momentum,True,3120,0.3007299580058316,8.709938926577797e-08,2.402592014227878e-16,2.8981243057401598e-08,2.8981240981599983e-08,1.0,1.0,501,1000,350,20,3,500,10000,0.001,131.55206483714812,0.001,131552.06483714812
synthetic_parameter_epsilon,synthetic_ill_conditioned,ill_corr_0_8,correlation,0.8,1e-07,Nesterov,scratch,constant beta,True,3866,0.38704087500082096,9.955888362271394e-08,5.75740193367591e-13,1.7386116712141127e-05,1.738611658219388e-05,1.0,1.0,501,1000,350,20,3,500,10000,0.001,131.55206483714812,0.001,131552.06483714812
synthetic_parameter_epsilon,synthetic_ill_conditioned,ill_corr_0_9,correlation,0.9,0.001,LDLT,scratch,,True,0,0.1303290419964469,4.95940697325734e-15,0.0,4.480393117073364e-12,0.0,1.0,1.0,501,1000,350,20,3,500,10000,0.001,128.49466071572337,0.001,128494.66071572337
synthetic_parameter_epsilon,synthetic_ill_conditioned,ill_corr_0_9,correlation,0.9,0.001,Heavy Ball,scratch,constant momentum,True,1481,0.18635825000092154,0.0006293565121221661,1.0061089036981358e-08,0.0001858489682811275,0.0001858489684136675,1.0,1.0,501,1000,350,20,3,500,10000,0.001,128.49466071572337,0.001,128494.66071572337
synthetic_parameter_epsilon,synthetic_ill_conditioned,ill_corr_0_9,correlation,0.9,0.001,Nesterov,scratch,constant beta,True,736,0.08197300000028918,0.0009966279745094214,1.696158431990693e-05,0.08976864730938895,0.08976864730932041,1.0,1.0,501,1000,350,20,3,500,10000,0.001,128.49466071572337,0.001,128494.66071572337
synthetic_parameter_epsilon,synthetic_ill_conditioned,ill_corr_0_9,correlation,0.9,1e-05,LDLT,scratch,,True,0,0.1303290419964469,4.95940697325734e-15,0.0,4.480393117073364e-12,0.0,1.0,1.0,501,1000,350,20,3,500,10000,0.001,128.49466071572337,0.001,128494.66071572337
synthetic_parameter_epsilon,synthetic_ill_conditioned,ill_corr_0_9,correlation,0.9,1e-05,Heavy Ball,scratch,constant momentum,True,2269,0.21162591699976474,9.066764077363459e-06,2.331890214778143e-12,2.353596158464185e-06,2.3535962573412663e-06,1.0,1.0,501,1000,350,20,3,500,10000,0.001,128.49466071572337,0.001,128494.66071572337
synthetic_parameter_epsilon,synthetic_ill_conditioned,ill_corr_0_9,correlation,0.9,1e-05,Nesterov,scratch,constant beta,True,2212,0.22647145800146973,9.994338194721817e-06,4.0394605450291485e-09,0.0014144011339386252,0.00141440113395488,1.0,1.0,501,1000,350,20,3,500,10000,0.001,128.49466071572337,0.001,128494.66071572337
synthetic_parameter_epsilon,synthetic_ill_conditioned,ill_corr_0_9,correlation,0.9,1e-06,LDLT,scratch,,True,0,0.1303290419964469,4.95940697325734e-15,0.0,4.480393117073364e-12,0.0,1.0,1.0,501,1000,350,20,3,500,10000,0.001,128.49466071572337,0.001,128494.66071572337
synthetic_parameter_epsilon,synthetic_ill_conditioned,ill_corr_0_9,correlation,0.9,1e-06,Heavy Ball,scratch,constant momentum,True,2663,0.28655854200042086,9.811358109522066e-07,2.6185000348566412e-14,2.602548688245824e-07,2.6025503131523374e-07,1.0,1.0,501,1000,350,20,3,500,10000,0.001,128.49466071572337,0.001,128494.66071572337
synthetic_parameter_epsilon,synthetic_ill_conditioned,ill_corr_0_9,correlation,0.9,1e-06,Nesterov,scratch,constant beta,True,2991,0.29582824999670265,9.974696493433515e-07,4.836102655489394e-11,0.00016078910132572518,0.0001607891014640443,1.0,1.0,501,1000,350,20,3,500,10000,0.001,128.49466071572337,0.001,128494.66071572337
synthetic_parameter_epsilon,synthetic_ill_conditioned,ill_corr_0_9,correlation,0.9,1e-07,LDLT,scratch,,True,0,0.1303290419964469,4.95940697325734e-15,0.0,4.480393117073364e-12,0.0,1.0,1.0,501,1000,350,20,3,500,10000,0.001,128.49466071572337,0.001,128494.66071572337
synthetic_parameter_epsilon,synthetic_ill_conditioned,ill_corr_0_9,correlation,0.9,1e-07,Heavy Ball,scratch,constant momentum,True,2994,0.295925124999485,8.23365420452647e-08,1.2750217548429532e-16,3.82362624429132e-08,3.8236382900129024e-08,1.0,1.0,501,1000,350,20,3,500,10000,0.001,128.49466071572337,0.001,128494.66071572337
synthetic_parameter_epsilon,synthetic_ill_conditioned,ill_corr_0_9,correlation,0.9,1e-07,Nesterov,scratch,constant beta,True,3787,0.39737495799636235,9.99941438044837e-08,6.386427844895515e-13,1.8335620247159016e-05,1.833562029974135e-05,1.0,1.0,501,1000,350,20,3,500,10000,0.001,128.49466071572337,0.001,128494.66071572337
synthetic_parameter_epsilon,synthetic_sparse,sparse_zero_0_0,sparsity,0.0,0.001,LDLT,scratch,,True,0,0.15952654199645622,5.266046380338404e-15,0.0,7.503928884841973e-13,0.0,1.0,1.0,501,1000,350,20,4,500,10000,0.005,143.0350643477854,0.005,28607.012869557082
synthetic_parameter_epsilon,synthetic_sparse,sparse_zero_0_0,sparsity,0.0,0.001,Heavy Ball,scratch,constant momentum,True,740,0.09354249999887543,0.0008184045549364254,9.710800076383197e-09,0.0001277235510282082,0.00012772355102829577,1.0,1.0,501,1000,350,20,4,500,10000,0.005,143.0350643477854,0.005,28607.012869557082
synthetic_parameter_epsilon,synthetic_sparse,sparse_zero_0_0,sparsity,0.0,0.001,Nesterov,scratch,constant beta,True,548,0.06367945799865993,0.0009934917739992074,7.748421384908e-06,0.029726793764744915,0.029726793764747208,1.0,1.0,501,1000,350,20,4,500,10000,0.005,143.0350643477854,0.005,28607.012869557082
synthetic_parameter_epsilon,synthetic_sparse,sparse_zero_0_0,sparsity,0.0,1e-05,LDLT,scratch,,True,0,0.15952654199645622,5.266046380338404e-15,0.0,7.503928884841973e-13,0.0,1.0,1.0,501,1000,350,20,4,500,10000,0.005,143.0350643477854,0.005,28607.012869557082
synthetic_parameter_epsilon,synthetic_sparse,sparse_zero_0_0,sparsity,0.0,1e-05,Heavy Ball,scratch,constant momentum,True,1134,0.11868904199945973,7.366477769595544e-06,7.67778202126479e-13,1.2271894513517406e-06,1.227189441691422e-06,1.0,1.0,501,1000,350,20,4,500,10000,0.005,143.0350643477854,0.005,28607.012869557082
synthetic_parameter_epsilon,synthetic_sparse,sparse_zero_0_0,sparsity,0.0,1e-05,Nesterov,scratch,constant beta,True,1272,0.13863383299758425,9.991570993070666e-06,1.310544274664427e-09,0.00039103601323653675,0.0003910360132278909,1.0,1.0,501,1000,350,20,4,500,10000,0.005,143.0350643477854,0.005,28607.012869557082
synthetic_parameter_epsilon,synthetic_sparse,sparse_zero_0_0,sparsity,0.0,1e-06,LDLT,scratch,,True,0,0.15952654199645622,5.266046380338404e-15,0.0,7.503928884841973e-13,0.0,1.0,1.0,501,1000,350,20,4,500,10000,0.005,143.0350643477854,0.005,28607.012869557082
synthetic_parameter_epsilon,synthetic_sparse,sparse_zero_0_0,sparsity,0.0,1e-06,Heavy Ball,scratch,constant momentum,True,1292,0.1354683749959804,9.430700563516467e-07,1.2929761428193132e-14,1.8164620204535557e-07,1.8164621648984064e-07,1.0,1.0,501,1000,350,20,4,500,10000,0.005,143.0350643477854,0.005,28607.012869557082
synthetic_parameter_epsilon,synthetic_sparse,sparse_zero_0_0,sparsity,0.0,1e-06,Nesterov,scratch,constant beta,True,1634,0.15752129199972842,9.960030194713826e-07,1.558536199403049e-11,4.5700120181421516e-05,4.570012018430529e-05,1.0,1.0,501,1000,350,20,4,500,10000,0.005,143.0350643477854,0.005,28607.012869557082
synthetic_parameter_epsilon,synthetic_sparse,sparse_zero_0_0,sparsity,0.0,1e-07,LDLT,scratch,,True,0,0.15952654199645622,5.266046380338404e-15,0.0,7.503928884841973e-13,0.0,1.0,1.0,501,1000,350,20,4,500,10000,0.005,143.0350643477854,0.005,28607.012869557082
synthetic_parameter_epsilon,synthetic_sparse,sparse_zero_0_0,sparsity,0.0,1e-07,Heavy Ball,scratch,constant momentum,True,1528,0.15811554199899547,6.322991181324209e-08,5.0306980803327406e-17,1.1272558735411782e-08,1.1272531404759183e-08,1.0,1.0,501,1000,350,20,4,500,10000,0.005,143.0350643477854,0.005,28607.012869557082
synthetic_parameter_epsilon,synthetic_sparse,sparse_zero_0_0,sparsity,0.0,1e-07,Nesterov,scratch,constant beta,True,1992,0.19585991699568694,9.987996263190761e-08,1.8960874537121697e-13,5.248090825216432e-06,5.248090824091126e-06,1.0,1.0,501,1000,350,20,4,500,10000,0.005,143.0350643477854,0.005,28607.012869557082
synthetic_parameter_epsilon,synthetic_sparse,sparse_zero_0_1,sparsity,0.1,0.001,LDLT,scratch,,True,0,0.16157620900048641,5.717550551421722e-15,1.734723475976807e-18,6.612054121865675e-13,0.0,1.0,1.0,501,1000,350,20,4,500,10000,0.005,137.86935645540643,0.005,27573.871291081286
synthetic_parameter_epsilon,synthetic_sparse,sparse_zero_0_1,sparsity,0.1,0.001,Heavy Ball,scratch,constant momentum,True,693,0.08243070800381247,0.0007481890328434885,1.1947558255231971e-08,0.0002125239319289034,0.00021252393192059386,1.0,1.0,501,1000,350,20,4,500,10000,0.005,137.86935645540643,0.005,27573.871291081286
synthetic_parameter_epsilon,synthetic_sparse,sparse_zero_0_1,sparsity,0.1,0.001,Nesterov,scratch,constant beta,True,557,0.06487183300487231,0.0009910524749566253,8.09115053877936e-06,0.0303834257545069,0.030383425754513957,1.0,1.0,501,1000,350,20,4,500,10000,0.005,137.86935645540643,0.005,27573.871291081286
synthetic_parameter_epsilon,synthetic_sparse,sparse_zero_0_1,sparsity,0.1,1e-05,LDLT,scratch,,True,0,0.16157620900048641,5.717550551421722e-15,1.734723475976807e-18,6.612054121865675e-13,0.0,1.0,1.0,501,1000,350,20,4,500,10000,0.005,137.86935645540643,0.005,27573.871291081286
synthetic_parameter_epsilon,synthetic_sparse,sparse_zero_0_1,sparsity,0.1,1e-05,Heavy Ball,scratch,constant momentum,True,1071,0.10318512500089128,8.266598429446988e-06,9.813677648295993e-13,2.2832724301205357e-06,2.2832724175131563e-06,1.0,1.0,501,1000,350,20,4,500,10000,0.005,137.86935645540643,0.005,27573.871291081286
synthetic_parameter_epsilon,synthetic_sparse,sparse_zero_0_1,sparsity,0.1,1e-05,Nesterov,scratch,constant beta,True,1258,0.1331344159989385,9.951808612422712e-06,1.4768454410785115e-09,0.00043022667675581325,0.0004302266767485475,1.0,1.0,501,1000,350,20,4,500,10000,0.005,137.86935645540643,0.005,27573.871291081286
synthetic_parameter_epsilon,synthetic_sparse,sparse_zero_0_1,sparsity,0.1,1e-06,LDLT,scratch,,True,0,0.16157620900048641,5.717550551421722e-15,1.734723475976807e-18,6.612054121865675e-13,0.0,1.0,1.0,501,1000,350,20,4,500,10000,0.005,137.86935645540643,0.005,27573.871291081286
synthetic_parameter_epsilon,synthetic_sparse,sparse_zero_0_1,sparsity,0.1,1e-06,Heavy Ball,scratch,constant momentum,True,1292,0.14226566599973012,6.515723119187481e-07,6.9284855630513675e-15,1.573637874073247e-07,1.5736376806545292e-07,1.0,1.0,501,1000,350,20,4,500,10000,0.005,137.86935645540643,0.005,27573.871291081286
synthetic_parameter_epsilon,synthetic_sparse,sparse_zero_0_1,sparsity,0.1,1e-06,Nesterov,scratch,constant beta,True,1626,0.1643521670048358,9.979667508227482e-07,1.6473596792243583e-11,4.63535564394867e-05,4.635355646500851e-05,1.0,1.0,501,1000,350,20,4,500,10000,0.005,137.86935645540643,0.005,27573.871291081286
synthetic_parameter_epsilon,synthetic_sparse,sparse_zero_0_1,sparsity,0.1,1e-07,LDLT,scratch,,True,0,0.16157620900048641,5.717550551421722e-15,1.734723475976807e-18,6.612054121865675e-13,0.0,1.0,1.0,501,1000,350,20,4,500,10000,0.005,137.86935645540643,0.005,27573.871291081286
synthetic_parameter_epsilon,synthetic_sparse,sparse_zero_0_1,sparsity,0.1,1e-07,Heavy Ball,scratch,constant momentum,True,1465,0.1585059579956578,6.924000900488865e-08,6.591949208711867e-17,2.0035475834017885e-08,2.003546070260278e-08,1.0,1.0,501,1000,350,20,4,500,10000,0.005,137.86935645540643,0.005,27573.871291081286
synthetic_parameter_epsilon,synthetic_sparse,sparse_zero_0_1,sparsity,0.1,1e-07,Nesterov,scratch,constant beta,True,1999,0.19852095800160896,9.955685540862763e-08,1.775489477662262e-13,4.903888468579052e-06,4.903888469012469e-06,1.0,1.0,501,1000,350,20,4,500,10000,0.005,137.86935645540643,0.005,27573.871291081286
synthetic_parameter_epsilon,synthetic_sparse,sparse_zero_0_2,sparsity,0.2,0.001,LDLT,scratch,,True,0,0.17099208400031785,4.30627931643477e-15,1.734723475976807e-18,7.002420747894947e-13,0.0,1.0,1.0,501,1000,350,20,4,500,10000,0.005,145.43674343308115,0.005,29087.348686616227
synthetic_parameter_epsilon,synthetic_sparse,sparse_zero_0_2,sparsity,0.2,0.001,Heavy Ball,scratch,constant momentum,True,693,0.06942387500021141,0.0007075818538899005,1.018403149311009e-08,0.00027035808729713545,0.00027035808733606026,1.0,1.0,501,1000,350,20,4,500,10000,0.005,145.43674343308115,0.005,29087.348686616227
synthetic_parameter_epsilon,synthetic_sparse,sparse_zero_0_2,sparsity,0.2,0.001,Nesterov,scratch,constant beta,True,603,0.05789008300052956,0.0009992690429446417,7.44450486718333e-06,0.025330109906944887,0.025330109906928674,1.0,1.0,501,1000,350,20,4,500,10000,0.005,145.43674343308115,0.005,29087.348686616227
synthetic_parameter_epsilon,synthetic_sparse,sparse_zero_0_2,sparsity,0.2,1e-05,LDLT,scratch,,True,0,0.17099208400031785,4.30627931643477e-15,1.734723475976807e-18,7.002420747894947e-13,0.0,1.0,1.0,501,1000,350,20,4,500,10000,0.005,145.43674343308115,0.005,29087.348686616227
synthetic_parameter_epsilon,synthetic_sparse,sparse_zero_0_2,sparsity,0.2,1e-05,Heavy Ball,scratch,constant momentum,True,1103,0.10966791700047906,9.15366810136054e-06,4.405885378755414e-13,2.2469969835118277e-06,2.246996976950741e-06,1.0,1.0,501,1000,350,20,4,500,10000,0.005,145.43674343308115,0.005,29087.348686616227
synthetic_parameter_epsilon,synthetic_sparse,sparse_zero_0_2,sparsity,0.2,1e-05,Nesterov,scratch,constant beta,True,1331,0.15016725000168663,9.964850164992318e-06,1.204549402930577e-09,0.00034110564610360066,0.0003411056461455985,1.0,1.0,501,1000,350,20,4,500,10000,0.005,145.43674343308115,0.005,29087.348686616227
synthetic_parameter_epsilon,synthetic_sparse,sparse_zero_0_2,sparsity,0.2,1e-06,LDLT,scratch,,True,0,0.17099208400031785,4.30627931643477e-15,1.734723475976807e-18,7.002420747894947e-13,0.0,1.0,1.0,501,1000,350,20,4,500,10000,0.005,145.43674343308115,0.005,29087.348686616227
synthetic_parameter_epsilon,synthetic_sparse,sparse_zero_0_2,sparsity,0.2,1e-06,Heavy Ball,scratch,constant momentum,True,1276,0.11624754199874587,8.744339620298755e-07,1.802724636235098e-14,3.001135338477699e-07,3.0011353055450546e-07,1.0,1.0,501,1000,350,20,4,500,10000,0.005,145.43674343308115,0.005,29087.348686616227
synthetic_parameter_epsilon,synthetic_sparse,sparse_zero_0_2,sparsity,0.2,1e-06,Nesterov,scratch,constant beta,True,1699,0.1702010419976432,9.94398780305129e-07,1.4152356370145114e-11,3.8380905661608244e-05,3.838090565463137e-05,1.0,1.0,501,1000,350,20,4,500,10000,0.005,145.43674343308115,0.005,29087.348686616227
synthetic_parameter_epsilon,synthetic_sparse,sparse_zero_0_2,sparsity,0.2,1e-07,LDLT,scratch,,True,0,0.17099208400031785,4.30627931643477e-15,1.734723475976807e-18,7.002420747894947e-13,0.0,1.0,1.0,501,1000,350,20,4,500,10000,0.005,145.43674343308115,0.005,29087.348686616227
synthetic_parameter_epsilon,synthetic_sparse,sparse_zero_0_2,sparsity,0.2,1e-07,Heavy Ball,scratch,constant momentum,True,1465,0.15446062499540858,9.95734135385297e-08,1.8388068845354155e-16,3.249339983774395e-08,3.2493381939109794e-08,1.0,1.0,501,1000,350,20,4,500,10000,0.005,145.43674343308115,0.005,29087.348686616227
synthetic_parameter_epsilon,synthetic_sparse,sparse_zero_0_2,sparsity,0.2,1e-07,Nesterov,scratch,constant beta,True,2082,0.20161608300259104,9.948571265563455e-08,1.538925237243305e-13,4.104317925713241e-06,4.104317913789637e-06,1.0,1.0,501,1000,350,20,4,500,10000,0.005,145.43674343308115,0.005,29087.348686616227
synthetic_parameter_epsilon,synthetic_sparse,sparse_zero_0_3,sparsity,0.3,0.001,LDLT,scratch,,True,0,0.14656358399952296,5.3500898312339025e-15,0.0,5.411961451666446e-13,0.0,1.0,0.9971428571428571,501,1000,350,20,4,500,10000,0.005,143.8212584064301,0.005,28764.25168128602
synthetic_parameter_epsilon,synthetic_sparse,sparse_zero_0_3,sparsity,0.3,0.001,Heavy Ball,scratch,constant momentum,True,693,0.07856970799912233,0.0009255294885731815,2.0766358056756307e-08,0.00026437602603130366,0.0002643760260430195,1.0,0.9971428571428571,501,1000,350,20,4,500,10000,0.005,143.8212584064301,0.005,28764.25168128602
synthetic_parameter_epsilon,synthetic_sparse,sparse_zero_0_3,sparsity,0.3,0.001,Nesterov,scratch,constant beta,True,634,0.07697316700068768,0.0009937283209444368,6.622050648719124e-06,0.020434322132243107,0.02043432213225837,1.0,0.9971428571428571,501,1000,350,20,4,500,10000,0.005,143.8212584064301,0.005,28764.25168128602
synthetic_parameter_epsilon,synthetic_sparse,sparse_zero_0_3,sparsity,0.3,1e-05,LDLT,scratch,,True,0,0.14656358399952296,5.3500898312339025e-15,0.0,5.411961451666446e-13,0.0,1.0,0.9971428571428571,501,1000,350,20,4,500,10000,0.005,143.8212584064301,0.005,28764.25168128602
synthetic_parameter_epsilon,synthetic_sparse,sparse_zero_0_3,sparsity,0.3,1e-05,Heavy Ball,scratch,constant momentum,True,1087,0.13053229200158967,9.545496005269371e-06,1.992692469365842e-12,2.5588533093355696e-06,2.5588533039551926e-06,1.0,0.9971428571428571,501,1000,350,20,4,500,10000,0.005,143.8212584064301,0.005,28764.25168128602
synthetic_parameter_epsilon,synthetic_sparse,sparse_zero_0_3,sparsity,0.3,1e-05,Nesterov,scratch,constant beta,True,1340,0.12130766599875642,9.944621529145074e-06,1.2845887860379879e-09,0.0003134229507198553,0.000313422950732572,1.0,0.9971428571428571,501,1000,350,20,4,500,10000,0.005,143.8212584064301,0.005,28764.25168128602
synthetic_parameter_epsilon,synthetic_sparse,sparse_zero_0_3,sparsity,0.3,1e-06,LDLT,scratch,,True,0,0.14656358399952296,5.3500898312339025e-15,0.0,5.411961451666446e-13,0.0,1.0,0.9971428571428571,501,1000,350,20,4,500,10000,0.005,143.8212584064301,0.005,28764.25168128602
synthetic_parameter_epsilon,synthetic_sparse,sparse_zero_0_3,sparsity,0.3,1e-06,Heavy Ball,scratch,constant momentum,True,1276,0.1332096249971073,8.950009504118277e-07,1.9160020792163834e-14,2.664784779204452e-07,2.664784774564802e-07,1.0,0.9971428571428571,501,1000,350,20,4,500,10000,0.005,143.8212584064301,0.005,28764.25168128602
synthetic_parameter_epsilon,synthetic_sparse,sparse_zero_0_3,sparsity,0.3,1e-06,Nesterov,scratch,constant beta,True,1697,0.19758004100003745,9.970141202818597e-07,1.5127819136262488e-11,3.6208291199138685e-05,3.6208291223781204e-05,1.0,0.9971428571428571,501,1000,350,20,4,500,10000,0.005,143.8212584064301,0.005,28764.25168128602
synthetic_parameter_epsilon,synthetic_sparse,sparse_zero_0_3,sparsity,0.3,1e-07,LDLT,scratch,,True,0,0.14656358399952296,5.3500898312339025e-15,0.0,5.411961451666446e-13,0.0,1.0,0.9971428571428571,501,1000,350,20,4,500,10000,0.005,143.8212584064301,0.005,28764.25168128602
synthetic_parameter_epsilon,synthetic_sparse,sparse_zero_0_3,sparsity,0.3,1e-07,Heavy Ball,scratch,constant momentum,True,1465,0.17211266600497765,7.87451139984947e-08,8.326672684688674e-17,2.8996974852732268e-08,2.899697984491871e-08,1.0,0.9971428571428571,501,1000,350,20,4,500,10000,0.005,143.8212584064301,0.005,28764.25168128602
synthetic_parameter_epsilon,synthetic_sparse,sparse_zero_0_3,sparsity,0.3,1e-07,Nesterov,scratch,constant beta,True,2086,0.24812566599575803,9.963031701287314e-08,1.5679818554659164e-13,3.6580813299317503e-06,3.6580813361553287e-06,1.0,0.9971428571428571,501,1000,350,20,4,500,10000,0.005,143.8212584064301,0.005,28764.25168128602
synthetic_parameter_epsilon,synthetic_sparse,sparse_zero_0_4,sparsity,0.4,0.001,LDLT,scratch,,True,0,0.16163216599670704,6.3301171420286656e-15,0.0,4.4383628087574866e-13,0.0,1.0,0.9942857142857143,501,1000,350,20,4,500,10000,0.005,133.76706199505975,0.005,26753.412399011948
synthetic_parameter_epsilon,synthetic_sparse,sparse_zero_0_4,sparsity,0.4,0.001,Heavy Ball,scratch,constant momentum,True,677,0.09868124999775318,0.0007705808555862852,1.0706027883666813e-08,0.00023610659654127,0.00023610659654205133,1.0,0.9942857142857143,501,1000,350,20,4,500,10000,0.005,133.76706199505975,0.005,26753.412399011948
synthetic_parameter_epsilon,synthetic_sparse,sparse_zero_0_4,sparsity,0.4,0.001,Nesterov,scratch,constant beta,True,624,0.07023120899975765,0.0009925867998297005,7.436574448838745e-06,0.019265261426963904,0.01926526142696165,1.0,0.9942857142857143,501,1000,350,20,4,500,10000,0.005,133.76706199505975,0.005,26753.412399011948
synthetic_parameter_epsilon,synthetic_sparse,sparse_zero_0_4,sparsity,0.4,1e-05,LDLT,scratch,,True,0,0.16163216599670704,6.3301171420286656e-15,0.0,4.4383628087574866e-13,0.0,1.0,0.9942857142857143,501,1000,350,20,4,500,10000,0.005,133.76706199505975,0.005,26753.412399011948
synthetic_parameter_epsilon,synthetic_sparse,sparse_zero_0_4,sparsity,0.4,1e-05,Heavy Ball,scratch,constant momentum,True,1008,0.09963441699801479,6.754652225432765e-06,7.45632722232159e-13,4.200872310338048e-06,4.200872320358441e-06,1.0,0.9942857142857143,501,1000,350,20,4,500,10000,0.005,133.76706199505975,0.005,26753.412399011948
synthetic_parameter_epsilon,synthetic_sparse,sparse_zero_0_4,sparsity,0.4,1e-05,Nesterov,scratch,constant beta,True,1318,0.1639225419930881,9.962945830068469e-06,1.148097464320763e-09,0.00026339558695991175,0.0002633955869602093,1.0,0.9942857142857143,501,1000,350,20,4,500,10000,0.005,133.76706199505975,0.005,26753.412399011948
synthetic_parameter_epsilon,synthetic_sparse,sparse_zero_0_4,sparsity,0.4,1e-06,LDLT,scratch,,True,0,0.16163216599670704,6.3301171420286656e-15,0.0,4.4383628087574866e-13,0.0,1.0,0.9942857142857143,501,1000,350,20,4,500,10000,0.005,133.76706199505975,0.005,26753.412399011948
synthetic_parameter_epsilon,synthetic_sparse,sparse_zero_0_4,sparsity,0.4,1e-06,Heavy Ball,scratch,constant momentum,True,1150,0.13050025000120513,8.90435889685833e-07,3.79661579952284e-14,7.177895884710716e-07,7.177895965126567e-07,1.0,0.9942857142857143,501,1000,350,20,4,500,10000,0.005,133.76706199505975,0.005,26753.412399011948
synthetic_parameter_epsilon,synthetic_sparse,sparse_zero_0_4,sparsity,0.4,1e-06,Nesterov,scratch,constant beta,True,1666,0.1634694579988718,9.956871692631583e-07,1.4318227159471064e-11,3.102357472666325e-05,3.1023574725849476e-05,1.0,0.9942857142857143,501,1000,350,20,4,500,10000,0.005,133.76706199505975,0.005,26753.412399011948
synthetic_parameter_epsilon,synthetic_sparse,sparse_zero_0_4,sparsity,0.4,1e-07,LDLT,scratch,,True,0,0.16163216599670704,6.3301171420286656e-15,0.0,4.4383628087574866e-13,0.0,1.0,0.9942857142857143,501,1000,350,20,4,500,10000,0.005,133.76706199505975,0.005,26753.412399011948
synthetic_parameter_epsilon,synthetic_sparse,sparse_zero_0_4,sparsity,0.4,1e-07,Heavy Ball,scratch,constant momentum,True,1418,0.14170841599843698,9.211312574197981e-08,2.1510571102112408e-16,2.7946583369027875e-08,2.7946572045221615e-08,1.0,0.9942857142857143,501,1000,350,20,4,500,10000,0.005,133.76706199505975,0.005,26753.412399011948
synthetic_parameter_epsilon,synthetic_sparse,sparse_zero_0_4,sparsity,0.4,1e-07,Nesterov,scratch,constant beta,True,2032,0.25551783300034003,9.995755352639124e-08,1.5485876470044957e-13,3.299474802639709e-06,3.299474813401941e-06,1.0,0.9942857142857143,501,1000,350,20,4,500,10000,0.005,133.76706199505975,0.005,26753.412399011948
synthetic_parameter_epsilon,synthetic_sparse,sparse_zero_0_5,sparsity,0.5,0.001,LDLT,scratch,,True,0,0.1475306249994901,5.805854418177302e-15,0.0,3.8615424980458853e-13,0.0,0.994,0.9714285714285714,501,1000,350,20,4,500,10000,0.005,136.1437877404155,0.005,27228.757548083096
synthetic_parameter_epsilon,synthetic_sparse,sparse_zero_0_5,sparsity,0.5,0.001,Heavy Ball,scratch,constant momentum,True,677,0.09385904099326581,0.000910118804685026,1.8853222275017067e-08,0.0002609179621190728,0.00026091796212902933,0.994,0.9714285714285714,501,1000,350,20,4,500,10000,0.005,136.1437877404155,0.005,27228.757548083096
synthetic_parameter_epsilon,synthetic_sparse,sparse_zero_0_5,sparsity,0.5,0.001,Nesterov,scratch,constant beta,True,639,0.06815733300027205,0.0009923226907611233,8.478686113498612e-06,0.01818231303004618,0.0181823130300265,0.994,0.9714285714285714,501,1000,350,20,4,500,10000,0.005,136.1437877404155,0.005,27228.757548083096
synthetic_parameter_epsilon,synthetic_sparse,sparse_zero_0_5,sparsity,0.5,1e-05,LDLT,scratch,,True,0,0.1475306249994901,5.805854418177302e-15,0.0,3.8615424980458853e-13,0.0,0.994,0.9714285714285714,501,1000,350,20,4,500,10000,0.005,136.1437877404155,0.005,27228.757548083096
synthetic_parameter_epsilon,synthetic_sparse,sparse_zero_0_5,sparsity,0.5,1e-05,Heavy Ball,scratch,constant momentum,True,1071,0.12586362499860115,7.168995478457335e-06,8.738496037885568e-13,2.1937268947804415e-06,2.1937268796747008e-06,0.994,0.9714285714285714,501,1000,350,20,4,500,10000,0.005,136.1437877404155,0.005,27228.757548083096
synthetic_parameter_epsilon,synthetic_sparse,sparse_zero_0_5,sparsity,0.5,1e-05,Nesterov,scratch,constant beta,True,1352,0.14846120899892412,9.996259155932203e-06,1.1904158006559307e-09,0.00023731425453587585,0.00023731425454695545,0.994,0.9714285714285714,501,1000,350,20,4,500,10000,0.005,136.1437877404155,0.005,27228.757548083096
synthetic_parameter_epsilon,synthetic_sparse,sparse_zero_0_5,sparsity,0.5,1e-06,LDLT,scratch,,True,0,0.1475306249994901,5.805854418177302e-15,0.0,3.8615424980458853e-13,0.0,0.994,0.9714285714285714,501,1000,350,20,4,500,10000,0.005,136.1437877404155,0.005,27228.757548083096
synthetic_parameter_epsilon,synthetic_sparse,sparse_zero_0_5,sparsity,0.5,1e-06,Heavy Ball,scratch,constant momentum,True,1213,0.18389366599876666,8.612852883521545e-07,2.7554347692415604e-14,3.7964145610588327e-07,3.7964144264188926e-07,0.994,0.9714285714285714,501,1000,350,20,4,500,10000,0.005,136.1437877404155,0.005,27228.757548083096
synthetic_parameter_epsilon,synthetic_sparse,sparse_zero_0_5,sparsity,0.5,1e-06,Nesterov,scratch,constant beta,True,1717,0.2165604589972645,9.986229134571814e-07,1.276664191030008e-11,2.5030398802878585e-05,2.5030398788874884e-05,0.994,0.9714285714285714,501,1000,350,20,4,500,10000,0.005,136.1437877404155,0.005,27228.757548083096
synthetic_parameter_epsilon,synthetic_sparse,sparse_zero_0_5,sparsity,0.5,1e-07,LDLT,scratch,,True,0,0.1475306249994901,5.805854418177302e-15,0.0,3.8615424980458853e-13,0.0,0.994,0.9714285714285714,501,1000,350,20,4,500,10000,0.005,136.1437877404155,0.005,27228.757548083096
synthetic_parameter_epsilon,synthetic_sparse,sparse_zero_0_5,sparsity,0.5,1e-07,Heavy Ball,scratch,constant momentum,True,1418,0.1737795829976676,9.315387979323512e-08,2.220446049250313e-16,3.2788772399787153e-08,3.278877110364689e-08,0.994,0.9714285714285714,501,1000,350,20,4,500,10000,0.005,136.1437877404155,0.005,27228.757548083096
synthetic_parameter_epsilon,synthetic_sparse,sparse_zero_0_5,sparsity,0.5,1e-07,Nesterov,scratch,constant beta,True,2075,0.27593141699617263,9.964415453186721e-08,1.5587531265737198e-13,2.890022933723377e-06,2.890022920925514e-06,0.994,0.9714285714285714,501,1000,350,20,4,500,10000,0.005,136.1437877404155,0.005,27228.757548083096
synthetic_parameter_epsilon,synthetic_sparse,sparse_zero_0_6,sparsity,0.6,0.001,LDLT,scratch,,True,0,0.15078483300021617,5.573965844470901e-15,0.0,3.8600362482234266e-13,0.0,0.987,0.9428571428571428,501,1000,350,20,4,500,10000,0.005,141.98639999826386,0.005,28397.279999652772
synthetic_parameter_epsilon,synthetic_sparse,sparse_zero_0_6,sparsity,0.6,0.001,Heavy Ball,scratch,constant momentum,True,677,0.09737270800542319,0.000917054582786907,1.8039718212292666e-08,0.0003231937451007624,0.00032319374509946845,0.987,0.9428571428571428,501,1000,350,20,4,500,10000,0.005,141.98639999826386,0.005,28397.279999652772
synthetic_parameter_epsilon,synthetic_sparse,sparse_zero_0_6,sparsity,0.6,0.001,Nesterov,scratch,constant beta,True,659,0.06816533300298033,0.0009961800402409826,8.494994778292242e-06,0.017622532848173847,0.017622532848164552,0.987,0.9428571428571428,501,1000,350,20,4,500,10000,0.005,141.98639999826386,0.005,28397.279999652772
synthetic_parameter_epsilon,synthetic_sparse,sparse_zero_0_6,sparsity,0.6,1e-05,LDLT,scratch,,True,0,0.15078483300021617,5.573965844470901e-15,0.0,3.8600362482234266e-13,0.0,0.987,0.9428571428571428,501,1000,350,20,4,500,10000,0.005,141.98639999826386,0.005,28397.279999652772
synthetic_parameter_epsilon,synthetic_sparse,sparse_zero_0_6,sparsity,0.6,1e-05,Heavy Ball,scratch,constant momentum,True,1071,0.142098458003602,7.664672409842536e-06,1.3870293802398237e-12,3.042368143643174e-06,3.042368145309708e-06,0.987,0.9428571428571428,501,1000,350,20,4,500,10000,0.005,141.98639999826386,0.005,28397.279999652772
synthetic_parameter_epsilon,synthetic_sparse,sparse_zero_0_6,sparsity,0.6,1e-05,Nesterov,scratch,constant beta,True,1378,0.15530062499601627,9.983482818804574e-06,1.4354590016640856e-09,0.00025541366365614633,0.00025541366365444804,0.987,0.9428571428571428,501,1000,350,20,4,500,10000,0.005,141.98639999826386,0.005,28397.279999652772
synthetic_parameter_epsilon,synthetic_sparse,sparse_zero_0_6,sparsity,0.6,1e-06,LDLT,scratch,,True,0,0.15078483300021617,5.573965844470901e-15,0.0,3.8600362482234266e-13,0.0,0.987,0.9428571428571428,501,1000,350,20,4,500,10000,0.005,141.98639999826386,0.005,28397.279999652772
synthetic_parameter_epsilon,synthetic_sparse,sparse_zero_0_6,sparsity,0.6,1e-06,Heavy Ball,scratch,constant momentum,True,1276,0.1264040840032976,7.921680854635666e-07,2.1913026948539027e-14,2.50803002362322e-07,2.508029833772044e-07,0.987,0.9428571428571428,501,1000,350,20,4,500,10000,0.005,141.98639999826386,0.005,28397.279999652772
synthetic_parameter_epsilon,synthetic_sparse,sparse_zero_0_6,sparsity,0.6,1e-06,Nesterov,scratch,constant beta,True,1751,0.18385216600290732,9.99391136793191e-07,1.610578337363222e-11,2.753708343295501e-05,2.7537083440351993e-05,0.987,0.9428571428571428,501,1000,350,20,4,500,10000,0.005,141.98639999826386,0.005,28397.279999652772
synthetic_parameter_epsilon,synthetic_sparse,sparse_zero_0_6,sparsity,0.6,1e-07,LDLT,scratch,,True,0,0.15078483300021617,5.573965844470901e-15,0.0,3.8600362482234266e-13,0.0,0.987,0.9428571428571428,501,1000,350,20,4,500,10000,0.005,141.98639999826386,0.005,28397.279999652772
synthetic_parameter_epsilon,synthetic_sparse,sparse_zero_0_6,sparsity,0.6,1e-07,Heavy Ball,scratch,constant momentum,True,1465,0.1678633749979781,8.532523606200081e-08,1.8041124150158794e-16,2.862983148233437e-08,2.8629845108385475e-08,0.987,0.9428571428571428,501,1000,350,20,4,500,10000,0.005,141.98639999826386,0.005,28397.279999652772
synthetic_parameter_epsilon,synthetic_sparse,sparse_zero_0_6,sparsity,0.6,1e-07,Nesterov,scratch,constant beta,True,2120,0.22023949999856995,9.978740587893523e-08,1.867048182724318e-13,3.0623645057779464e-06,3.0623645092726697e-06,0.987,0.9428571428571428,501,1000,350,20,4,500,10000,0.005,141.98639999826386,0.005,28397.279999652772
synthetic_parameter_epsilon,synthetic_sparse,sparse_zero_0_7,sparsity,0.7,0.001,LDLT,scratch,,True,0,0.14294133400107967,7.275505403366795e-15,0.0,3.6653630444641205e-13,0.0,0.972,0.9228571428571428,501,1000,350,20,4,500,10000,0.005,135.37760192896647,0.005,27075.520385793294
synthetic_parameter_epsilon,synthetic_sparse,sparse_zero_0_7,sparsity,0.7,0.001,Heavy Ball,scratch,constant momentum,True,630,0.07354108400613768,0.0007172296400175189,1.8234916597525963e-08,0.000469799837881623,0.0004697998378913246,0.972,0.9228571428571428,501,1000,350,20,4,500,10000,0.005,135.37760192896647,0.005,27075.520385793294
synthetic_parameter_epsilon,synthetic_sparse,sparse_zero_0_7,sparsity,0.7,0.001,Nesterov,scratch,constant beta,True,661,0.0795119579997845,0.0009939853605783599,8.231190302639135e-06,0.016845362513545577,0.016845362513535442,0.973,0.9228571428571428,501,1000,350,20,4,500,10000,0.005,135.37760192896647,0.005,27075.520385793294
synthetic_parameter_epsilon,synthetic_sparse,sparse_zero_0_7,sparsity,0.7,1e-05,LDLT,scratch,,True,0,0.14294133400107967,7.275505403366795e-15,0.0,3.6653630444641205e-13,0.0,0.972,0.9228571428571428,501,1000,350,20,4,500,10000,0.005,135.37760192896647,0.005,27075.520385793294
synthetic_parameter_epsilon,synthetic_sparse,sparse_zero_0_7,sparsity,0.7,1e-05,Heavy Ball,scratch,constant momentum,True,1024,0.11161629200069001,9.71978379381428e-06,3.651461077947005e-12,3.897659541555673e-06,3.897659534136757e-06,0.972,0.9228571428571428,501,1000,350,20,4,500,10000,0.005,135.37760192896647,0.005,27075.520385793294
synthetic_parameter_epsilon,synthetic_sparse,sparse_zero_0_7,sparsity,0.7,1e-05,Nesterov,scratch,constant beta,True,1358,0.14522029199724784,9.9936661254885e-06,1.308633382213209e-09,0.00023539821531596506,0.00023539821532337848,0.972,0.9228571428571428,501,1000,350,20,4,500,10000,0.005,135.37760192896647,0.005,27075.520385793294
synthetic_parameter_epsilon,synthetic_sparse,sparse_zero_0_7,sparsity,0.7,1e-06,LDLT,scratch,,True,0,0.14294133400107967,7.275505403366795e-15,0.0,3.6653630444641205e-13,0.0,0.972,0.9228571428571428,501,1000,350,20,4,500,10000,0.005,135.37760192896647,0.005,27075.520385793294
synthetic_parameter_epsilon,synthetic_sparse,sparse_zero_0_7,sparsity,0.7,1e-06,Heavy Ball,scratch,constant momentum,True,1213,0.12558045899641002,9.93715081348318e-07,4.4596271120411757e-14,3.915441138865802e-07,3.915441227308174e-07,0.972,0.9228571428571428,501,1000,350,20,4,500,10000,0.005,135.37760192896647,0.005,27075.520385793294
synthetic_parameter_epsilon,synthetic_sparse,sparse_zero_0_7,sparsity,0.7,1e-06,Nesterov,scratch,constant beta,True,1720,0.18600195799808716,9.966768042070365e-07,1.5207432535468968e-11,2.627472660323514e-05,2.6274726591037546e-05,0.972,0.9228571428571428,501,1000,350,20,4,500,10000,0.005,135.37760192896647,0.005,27075.520385793294
synthetic_parameter_epsilon,synthetic_sparse,sparse_zero_0_7,sparsity,0.7,1e-07,LDLT,scratch,,True,0,0.14294133400107967,7.275505403366795e-15,0.0,3.6653630444641205e-13,0.0,0.972,0.9228571428571428,501,1000,350,20,4,500,10000,0.005,135.37760192896647,0.005,27075.520385793294
synthetic_parameter_epsilon,synthetic_sparse,sparse_zero_0_7,sparsity,0.7,1e-07,Heavy Ball,scratch,constant momentum,True,1402,0.151319708005758,8.01366531648035e-08,2.0816681711721685e-16,4.008081926324804e-08,4.008080451941636e-08,0.972,0.9228571428571428,501,1000,350,20,4,500,10000,0.005,135.37760192896647,0.005,27075.520385793294
synthetic_parameter_epsilon,synthetic_sparse,sparse_zero_0_7,sparsity,0.7,1e-07,Nesterov,scratch,constant beta,True,2078,0.22274325000034878,9.946069921749527e-08,1.725980469657884e-13,2.830470953478086e-06,2.830470947101102e-06,0.972,0.9228571428571428,501,1000,350,20,4,500,10000,0.005,135.37760192896647,0.005,27075.520385793294
synthetic_parameter_epsilon,synthetic_sparse,sparse_zero_0_8,sparsity,0.8,0.001,LDLT,scratch,,True,0,0.14805883400549646,5.140884986488078e-15,1.3877787807814457e-17,3.746177762407326e-13,0.0,0.897,0.7857142857142857,501,1000,350,20,4,500,10000,0.005,136.87989467997016,0.005,27375.978935994033
synthetic_parameter_epsilon,synthetic_sparse,sparse_zero_0_8,sparsity,0.8,0.001,Heavy Ball,scratch,constant momentum,True,630,0.06875220900110435,0.0006894736695076877,2.2067253885316163e-08,0.0005239344017694625,0.0005239344017637024,0.897,0.7857142857142857,501,1000,350,20,4,500,10000,0.005,136.87989467997016,0.005,27375.978935994033
synthetic_parameter_epsilon,synthetic_sparse,sparse_zero_0_8,sparsity,0.8,0.001,Nesterov,scratch,constant beta,True,668,0.07401199999731034,0.0009906348831159096,9.417505318326524e-06,0.018277940418252855,0.018277940418279362,0.897,0.7885714285714286,501,1000,350,20,4,500,10000,0.005,136.87989467997016,0.005,27375.978935994033
synthetic_parameter_epsilon,synthetic_sparse,sparse_zero_0_8,sparsity,0.8,1e-05,LDLT,scratch,,True,0,0.14805883400549646,5.140884986488078e-15,1.3877787807814457e-17,3.746177762407326e-13,0.0,0.897,0.7857142857142857,501,1000,350,20,4,500,10000,0.005,136.87989467997016,0.005,27375.978935994033
synthetic_parameter_epsilon,synthetic_sparse,sparse_zero_0_8,sparsity,0.8,1e-05,Heavy Ball,scratch,constant momentum,True,1024,0.10063425000407733,7.380023474329763e-06,2.2513796382739315e-12,4.665170688849496e-06,4.665170685978601e-06,0.897,0.7857142857142857,501,1000,350,20,4,500,10000,0.005,136.87989467997016,0.005,27375.978935994033
synthetic_parameter_epsilon,synthetic_sparse,sparse_zero_0_8,sparsity,0.8,1e-05,Nesterov,scratch,constant beta,True,1377,0.15470208300394006,9.949668571290361e-06,1.5983294132659864e-09,0.00024331967327264278,0.00024331967326129468,0.897,0.7857142857142857,501,1000,350,20,4,500,10000,0.005,136.87989467997016,0.005,27375.978935994033
synthetic_parameter_epsilon,synthetic_sparse,sparse_zero_0_8,sparsity,0.8,1e-06,LDLT,scratch,,True,0,0.14805883400549646,5.140884986488078e-15,1.3877787807814457e-17,3.746177762407326e-13,0.0,0.897,0.7857142857142857,501,1000,350,20,4,500,10000,0.005,136.87989467997016,0.005,27375.978935994033
synthetic_parameter_epsilon,synthetic_sparse,sparse_zero_0_8,sparsity,0.8,1e-06,Heavy Ball,scratch,constant momentum,True,1213,0.12257020799734164,4.82346151599099e-07,2.2648549702353193e-14,4.6744591218345983e-07,4.674459262164724e-07,0.897,0.7857142857142857,501,1000,350,20,4,500,10000,0.005,136.87989467997016,0.005,27375.978935994033
synthetic_parameter_epsilon,synthetic_sparse,sparse_zero_0_8,sparsity,0.8,1e-06,Nesterov,scratch,constant beta,True,1731,0.17001720799453324,9.965105550180829e-07,1.9534318607128398e-11,2.7880914204454584e-05,2.7880914190247612e-05,0.897,0.7857142857142857,501,1000,350,20,4,500,10000,0.005,136.87989467997016,0.005,27375.978935994033
synthetic_parameter_epsilon,synthetic_sparse,sparse_zero_0_8,sparsity,0.8,1e-07,LDLT,scratch,,True,0,0.14805883400549646,5.140884986488078e-15,1.3877787807814457e-17,3.746177762407326e-13,0.0,0.897,0.7857142857142857,501,1000,350,20,4,500,10000,0.005,136.87989467997016,0.005,27375.978935994033
synthetic_parameter_epsilon,synthetic_sparse,sparse_zero_0_8,sparsity,0.8,1e-07,Heavy Ball,scratch,constant momentum,True,1402,0.13750599999912083,8.05424329285974e-08,2.220446049250313e-16,4.642124291327256e-08,4.642124230226555e-08,0.897,0.7857142857142857,501,1000,350,20,4,500,10000,0.005,136.87989467997016,0.005,27375.978935994033
synthetic_parameter_epsilon,synthetic_sparse,sparse_zero_0_8,sparsity,0.8,1e-07,Nesterov,scratch,constant beta,True,2100,0.23907045899977675,9.969044070801431e-08,2.2237767183241886e-13,3.0916133483576168e-06,3.0916133481920096e-06,0.897,0.7857142857142857,501,1000,350,20,4,500,10000,0.005,136.87989467997016,0.005,27375.978935994033
synthetic_parameter_epsilon,synthetic_sparse,sparse_zero_0_9,sparsity,0.9,0.001,LDLT,scratch,,True,0,0.14679912499559578,6.8788088851660454e-15,2.7755575615628914e-17,4.682506537820168e-13,0.0,0.742,0.5885714285714285,501,1000,350,20,4,500,10000,0.005,143.2967040886909,0.005,28659.340817738175
synthetic_parameter_epsilon,synthetic_sparse,sparse_zero_0_9,sparsity,0.9,0.001,Heavy Ball,scratch,constant momentum,True,677,0.0782467919998453,0.0008102877550967945,1.9786690175216393e-08,0.0004782305373293822,0.0004782305373317104,0.742,0.5885714285714285,501,1000,350,20,4,500,10000,0.005,143.2967040886909,0.005,28659.340817738175
synthetic_parameter_epsilon,synthetic_sparse,sparse_zero_0_9,sparsity,0.9,0.001,Nesterov,scratch,constant beta,True,661,0.07003004199941643,0.0009965818346031993,1.8367684615133717e-05,0.028650763630361627,0.02865076363039004,0.741,0.5885714285714285,501,1000,350,20,4,500,10000,0.005,143.2967040886909,0.005,28659.340817738175
synthetic_parameter_epsilon,synthetic_sparse,sparse_zero_0_9,sparsity,0.9,1e-05,LDLT,scratch,,True,0,0.14679912499559578,6.8788088851660454e-15,2.7755575615628914e-17,4.682506537820168e-13,0.0,0.742,0.5885714285714285,501,1000,350,20,4,500,10000,0.005,143.2967040886909,0.005,28659.340817738175
synthetic_parameter_epsilon,synthetic_sparse,sparse_zero_0_9,sparsity,0.9,1e-05,Heavy Ball,scratch,constant momentum,True,1024,0.10967408300348325,8.804055388646094e-06,3.380073998471289e-12,7.288938039372808e-06,7.288938018491566e-06,0.742,0.5885714285714285,501,1000,350,20,4,500,10000,0.005,143.2967040886909,0.005,28659.340817738175
synthetic_parameter_epsilon,synthetic_sparse,sparse_zero_0_9,sparsity,0.9,1e-05,Nesterov,scratch,constant beta,True,1397,0.13776312499976484,9.959600881534131e-06,2.66462088505115e-09,0.0003532501265898132,0.0003532501265879173,0.742,0.5885714285714285,501,1000,350,20,4,500,10000,0.005,143.2967040886909,0.005,28659.340817738175
synthetic_parameter_epsilon,synthetic_sparse,sparse_zero_0_9,sparsity,0.9,1e-06,LDLT,scratch,,True,0,0.14679912499559578,6.8788088851660454e-15,2.7755575615628914e-17,4.682506537820168e-13,0.0,0.742,0.5885714285714285,501,1000,350,20,4,500,10000,0.005,143.2967040886909,0.005,28659.340817738175
synthetic_parameter_epsilon,synthetic_sparse,sparse_zero_0_9,sparsity,0.9,1e-06,Heavy Ball,scratch,constant momentum,True,1213,0.12217475000215927,5.872809751955672e-07,4.032885136950881e-14,7.846337334452004e-07,7.846337202963147e-07,0.742,0.5885714285714285,501,1000,350,20,4,500,10000,0.005,143.2967040886909,0.005,28659.340817738175
synthetic_parameter_epsilon,synthetic_sparse,sparse_zero_0_9,sparsity,0.9,1e-06,Nesterov,scratch,constant beta,True,1776,0.1717606660022284,9.97161180091166e-07,2.7878560571181765e-11,3.6348797683649445e-05,3.634879766076651e-05,0.742,0.5885714285714285,501,1000,350,20,4,500,10000,0.005,143.2967040886909,0.005,28659.340817738175
synthetic_parameter_epsilon,synthetic_sparse,sparse_zero_0_9,sparsity,0.9,1e-07,LDLT,scratch,,True,0,0.14679912499559578,6.8788088851660454e-15,2.7755575615628914e-17,4.682506537820168e-13,0.0,0.742,0.5885714285714285,501,1000,350,20,4,500,10000,0.005,143.2967040886909,0.005,28659.340817738175
synthetic_parameter_epsilon,synthetic_sparse,sparse_zero_0_9,sparsity,0.9,1e-07,Heavy Ball,scratch,constant momentum,True,1418,0.13696300000447081,8.411721269258589e-08,3.3306690738754696e-16,6.984600299135563e-08,6.984601555109053e-08,0.742,0.5885714285714285,501,1000,350,20,4,500,10000,0.005,143.2967040886909,0.005,28659.340817738175
synthetic_parameter_epsilon,synthetic_sparse,sparse_zero_0_9,sparsity,0.9,1e-07,Nesterov,scratch,constant beta,True,2148,0.20820379100041464,9.982618908351932e-08,3.010369731271112e-13,3.7382480725466687e-06,3.7382480518896035e-06,0.742,0.5885714285714285,501,1000,350,20,4,500,10000,0.005,143.2967040886909,0.005,28659.340817738175
builtin_fixed_synthetic,synthetic_well_conditioned,well_corr_0_1,correlation,0.1,1e-06,LDLT,scratch,,True,0,0.15515129199775402,3.678702732324308e-15,0.0,1.0473070791441553e-13,0.0,1.0,1.0,501,1000,350,20,3,500,10000,0.05,76.39737857083846,0.05,1527.947571416769
builtin_fixed_synthetic,synthetic_well_conditioned,well_corr_0_1,correlation,0.1,1e-06,Heavy Ball,scratch,constant momentum,True,314,0.05189395799970953,7.891556710628199e-07,5.375040690314137e-15,3.165124461116363e-08,3.1651247339258175e-08,1.0,1.0,501,1000,350,20,3,500,10000,0.05,76.39737857083846,0.05,1527.947571416769
builtin_fixed_synthetic,synthetic_well_conditioned,well_corr_0_1,correlation,0.1,1e-06,Nesterov,scratch,constant beta,True,384,0.05494287500187056,9.860951523386499e-07,5.0139449883634946e-12,1.1944533772220035e-05,1.1944533765637924e-05,1.0,1.0,501,1000,350,20,3,500,10000,0.05,76.39737857083846,0.05,1527.947571416769
builtin_fixed_synthetic,synthetic_well_conditioned,well_corr_0_1,correlation,0.1,1e-06,PyTorch SGD momentum,library optimizer,library constant momentum,True,314,0.08522362499934388,7.891556746309282e-07,5.374173328576148e-15,3.16512445101274e-08,3.1651247238219665e-08,1.0,1.0,501,1000,350,20,3,500,10000,0.05,76.39737857083846,0.05,1527.947571416769
builtin_fixed_synthetic,synthetic_well_conditioned,well_corr_0_1,correlation,0.1,1e-06,PyTorch SGD Nesterov,library optimizer,library nesterov,True,384,0.09941179199813632,9.860951524278882e-07,5.0139449883634946e-12,1.1944533772287637e-05,1.1944533765705525e-05,1.0,1.0,501,1000,350,20,3,500,10000,0.05,76.39737857083846,0.05,1527.947571416769
builtin_fixed_synthetic,synthetic_well_conditioned,well_corr_0_1,correlation,0.1,1e-06,NumPy solve,built-in benchmark,,True,0,0.0025615000049583614,6.1795132142815594e-15,0.0,0.0,1.0473070791441553e-13,1.0,1.0,501,1000,350,20,3,500,10000,0.05,76.39737857083846,0.05,1527.947571416769
builtin_fixed_synthetic,synthetic_well_conditioned,well_corr_0_1,correlation,0.1,1e-06,NumPy Cholesky,built-in benchmark,,True,0,0.005790708004496992,6.1137734399032684e-15,0.0,9.168090994786001e-14,1.0482443202517367e-13,1.0,1.0,501,1000,350,20,3,500,10000,0.05,76.39737857083846,0.05,1527.947571416769
builtin_fixed_synthetic,synthetic_ill_conditioned,ill_corr_0_9,correlation,0.9,1e-06,LDLT,scratch,,True,0,0.14178241699846694,4.385244503149656e-15,2.168404344971009e-19,4.471701546992569e-12,0.0,1.0,1.0,501,1000,350,20,3,500,10000,0.001,134.22211624658422,0.001,134222.11624658422
builtin_fixed_synthetic,synthetic_ill_conditioned,ill_corr_0_9,correlation,0.9,1e-06,Heavy Ball,scratch,constant momentum,True,2789,0.33923079099622555,6.132870477162835e-07,9.635521547313175e-15,1.8112152063490988e-07,1.8112159770237697e-07,1.0,1.0,501,1000,350,20,3,500,10000,0.001,134.22211624658422,0.001,134222.11624658422
builtin_fixed_synthetic,synthetic_ill_conditioned,ill_corr_0_9,correlation,0.9,1e-06,Nesterov,scratch,constant beta,True,3090,0.30763716700312216,9.963416200513333e-07,4.427563827721914e-11,0.00015132588438249622,0.00015132588452499373,1.0,1.0,501,1000,350,20,3,500,10000,0.001,134.22211624658422,0.001,134222.11624658422
builtin_fixed_synthetic,synthetic_ill_conditioned,ill_corr_0_9,correlation,0.9,1e-06,PyTorch SGD momentum,library optimizer,library constant momentum,True,2789,0.5497956249964773,6.132870556377106e-07,9.635304706878678e-15,1.811215218576604e-07,1.811215989254175e-07,1.0,1.0,501,1000,350,20,3,500,10000,0.001,134.22211624658422,0.001,134222.11624658422
builtin_fixed_synthetic,synthetic_ill_conditioned,ill_corr_0_9,correlation,0.9,1e-06,PyTorch SGD Nesterov,library optimizer,library nesterov,True,3090,0.5922986250006943,9.963416201561915e-07,4.427563795195849e-11,0.00015132588438499634,0.00015132588452749387,1.0,1.0,501,1000,350,20,3,500,10000,0.001,134.22211624658422,0.001,134222.11624658422
builtin_fixed_synthetic,synthetic_ill_conditioned,ill_corr_0_9,correlation,0.9,1e-06,NumPy solve,built-in benchmark,,True,0,0.006380750004609581,9.764361480856029e-15,0.0,0.0,4.471701546992569e-12,1.0,1.0,501,1000,350,20,3,500,10000,0.001,134.22211624658422,0.001,134222.11624658422
builtin_fixed_synthetic,synthetic_ill_conditioned,ill_corr_0_9,correlation,0.9,1e-06,NumPy Cholesky,built-in benchmark,,True,0,0.011928917003388051,6.9640978603680234e-15,0.0,5.995860107151477e-12,4.7907908244784534e-12,1.0,1.0,501,1000,350,20,3,500,10000,0.001,134.22211624658422,0.001,134222.11624658422
builtin_fixed_synthetic,synthetic_sparse,sparse_zero_0_7,sparsity,0.7,1e-06,LDLT,scratch,,True,0,0.13321308299782686,6.042241097466868e-15,0.0,3.7118177412209046e-13,0.0,0.961,0.9257142857142857,501,1000,350,20,4,500,10000,0.005,142.5067712363302,0.005,28501.354247266037
builtin_fixed_synthetic,synthetic_sparse,sparse_zero_0_7,sparsity,0.7,1e-06,Heavy Ball,scratch,constant momentum,True,1276,0.1423467919958057,5.974882378040611e-07,1.5015766408055242e-14,2.7300015587024843e-07,2.730001708187902e-07,0.961,0.9257142857142857,501,1000,350,20,4,500,10000,0.005,142.5067712363302,0.005,28501.354247266037
builtin_fixed_synthetic,synthetic_sparse,sparse_zero_0_7,sparsity,0.7,1e-06,Nesterov,scratch,constant beta,True,1773,0.1676291250041686,9.931253135026136e-07,1.4465220687931435e-11,2.4886609647584486e-05,2.4886609637462154e-05,0.961,0.9257142857142857,501,1000,350,20,4,500,10000,0.005,142.5067712363302,0.005,28501.354247266037
builtin_fixed_synthetic,synthetic_sparse,sparse_zero_0_7,sparsity,0.7,1e-06,PyTorch SGD momentum,library optimizer,library constant momentum,True,1276,0.28620612500526477,5.974882319974431e-07,1.5015766408055242e-14,2.730001570197242e-07,2.7300017196826735e-07,0.961,0.9257142857142857,501,1000,350,20,4,500,10000,0.005,142.5067712363302,0.005,28501.354247266037
builtin_fixed_synthetic,synthetic_sparse,sparse_zero_0_7,sparsity,0.7,1e-06,PyTorch SGD Nesterov,library optimizer,library nesterov,True,1773,0.3470212920001359,9.931253135804697e-07,1.4465220687931435e-11,2.4886609647959487e-05,2.4886609637837152e-05,0.961,0.9257142857142857,501,1000,350,20,4,500,10000,0.005,142.5067712363302,0.005,28501.354247266037
builtin_fixed_synthetic,synthetic_sparse,sparse_zero_0_7,sparsity,0.7,1e-06,NumPy solve,built-in benchmark,,True,0,0.0025971249997382984,9.101857466967105e-15,0.0,0.0,3.7118177412208486e-13,0.961,0.9257142857142857,501,1000,350,20,4,500,10000,0.005,142.5067712363302,0.005,28501.354247266037
builtin_fixed_synthetic,synthetic_sparse,sparse_zero_0_7,sparsity,0.7,1e-06,NumPy Cholesky,built-in benchmark,,True,0,0.012138459002017044,1.0647145333896142e-14,0.0,5.292551038951592e-13,4.1575375599178265e-13,0.961,0.9257142857142857,501,1000,350,20,4,500,10000,0.005,142.5067712363302,0.005,28501.354247266037
real_epsilon,wine,real_dataset,epsilon,0.001,0.001,LDLT,scratch,,True,0,0.002983583995955996,1.1045227245826803e-15,6.938893903907228e-18,4.8137768235919975e-14,0.0,1.0,0.9629629629629629,81,124,54,13,3,80,1040,0.01,11.570195821484585,0.01,1157.0195821484585
real_epsilon,wine,real_dataset,epsilon,0.001,0.001,Heavy Ball,scratch,constant momentum,True,141,0.0011914589995285496,0.0004566071196327793,1.4635452405542537e-08,0.00026829067650093385,0.0002682906765057497,1.0,0.9629629629629629,81,124,54,13,3,80,1040,0.01,11.570195821484585,0.01,1157.0195821484585
real_epsilon,wine,real_dataset,epsilon,0.001,0.001,Nesterov,scratch,constant beta,True,118,0.0011082920027547516,0.0009748587271289696,1.2217826444137214e-05,0.02894908135600146,0.02894908135600359,1.0,0.9629629629629629,81,124,54,13,3,80,1040,0.01,11.570195821484585,0.01,1157.0195821484585
real_epsilon,wine,real_dataset,epsilon,1e-05,1e-05,LDLT,scratch,,True,0,0.002983583995955996,1.1045227245826803e-15,6.938893903907228e-18,4.8137768235919975e-14,0.0,1.0,0.9629629629629629,81,124,54,13,3,80,1040,0.01,11.570195821484585,0.01,1157.0195821484585
real_epsilon,wine,real_dataset,epsilon,1e-05,1e-05,Heavy Ball,scratch,constant momentum,True,220,0.0020667079952545464,4.6939198502849705e-06,1.5980688994332581e-12,2.062713473709351e-06,2.0627134800427997e-06,1.0,0.9629629629629629,81,124,54,13,3,80,1040,0.01,11.570195821484585,0.01,1157.0195821484585
real_epsilon,wine,real_dataset,epsilon,1e-05,1e-05,Nesterov,scratch,constant beta,True,264,0.0024915409958339296,9.780459455973628e-06,1.7196658333440418e-09,0.0003581413223940804,0.0003581413223981166,1.0,0.9629629629629629,81,124,54,13,3,80,1040,0.01,11.570195821484585,0.01,1157.0195821484585
real_epsilon,wine,real_dataset,epsilon,1e-06,1e-06,LDLT,scratch,,True,0,0.002983583995955996,1.1045227245826803e-15,6.938893903907228e-18,4.8137768235919975e-14,0.0,1.0,0.9629629629629629,81,124,54,13,3,80,1040,0.01,11.570195821484585,0.01,1157.0195821484585
real_epsilon,wine,real_dataset,epsilon,1e-06,1e-06,Heavy Ball,scratch,constant momentum,True,251,0.0023481660027755424,9.562403607289004e-07,6.274841757303307e-14,4.370393555731656e-07,4.3703936023246947e-07,1.0,0.9629629629629629,81,124,54,13,3,80,1040,0.01,11.570195821484585,0.01,1157.0195821484585
real_epsilon,wine,real_dataset,epsilon,1e-06,1e-06,Nesterov,scratch,constant beta,True,334,0.003119874992989935,9.872547948325717e-07,2.0109490461717172e-11,3.99035626587746e-05,3.990356266495437e-05,1.0,0.9629629629629629,81,124,54,13,3,80,1040,0.01,11.570195821484585,0.01,1157.0195821484585
real_epsilon,wine,real_dataset,epsilon,1e-07,1e-07,LDLT,scratch,,True,0,0.002983583995955996,1.1045227245826803e-15,6.938893903907228e-18,4.8137768235919975e-14,0.0,1.0,0.9629629629629629,81,124,54,13,3,80,1040,0.01,11.570195821484585,0.01,1157.0195821484585
real_epsilon,wine,real_dataset,epsilon,1e-07,1e-07,Heavy Ball,scratch,constant momentum,True,299,0.002781041999696754,8.801683119606373e-08,4.510281037539698e-16,2.3266598245915648e-08,2.3266596338333453e-08,1.0,0.9629629629629629,81,124,54,13,3,80,1040,0.01,11.570195821484585,0.01,1157.0195821484585
real_epsilon,wine,real_dataset,epsilon,1e-07,1e-07,Nesterov,scratch,constant beta,True,411,0.003946083001210354,9.856450249038116e-08,1.9205470547234427e-13,3.6588057580280105e-06,3.65880576305724e-06,1.0,0.9629629629629629,81,124,54,13,3,80,1040,0.01,11.570195821484585,0.01,1157.0195821484585
builtin_fixed_real,wine,real_dataset,dataset,wine,1e-06,LDLT,scratch,,True,0,0.002983583995955996,1.1045227245826803e-15,6.938893903907228e-18,4.8137768235919975e-14,0.0,1.0,0.9629629629629629,81,124,54,13,3,80,1040,0.01,11.570195821484585,0.01,1157.0195821484585
builtin_fixed_real,wine,real_dataset,dataset,wine,1e-06,Heavy Ball,scratch,constant momentum,True,251,0.0023226659977808595,9.562403607289004e-07,6.274841757303307e-14,4.370393555731656e-07,4.3703936023246947e-07,1.0,0.9629629629629629,81,124,54,13,3,80,1040,0.01,11.570195821484585,0.01,1157.0195821484585
builtin_fixed_real,wine,real_dataset,dataset,wine,1e-06,Nesterov,scratch,constant beta,True,334,0.0030030420020921156,9.872547948325717e-07,2.0109490461717172e-11,3.99035626587746e-05,3.990356266495437e-05,1.0,0.9629629629629629,81,124,54,13,3,80,1040,0.01,11.570195821484585,0.01,1157.0195821484585
builtin_fixed_real,wine,real_dataset,dataset,wine,1e-06,PyTorch SGD momentum,library optimizer,library constant momentum,True,251,0.017077584001526702,9.562403578050455e-07,6.274147867912916e-14,4.370393558582999e-07,4.3703936051760384e-07,1.0,0.9629629629629629,81,124,54,13,3,80,1040,0.01,11.570195821484585,0.01,1157.0195821484585
builtin_fixed_real,wine,real_dataset,dataset,wine,1e-06,PyTorch SGD Nesterov,library optimizer,library nesterov,True,334,0.022425875002227258,9.872547948176892e-07,2.0109483522823268e-11,3.99035626591947e-05,3.9903562665374465e-05,1.0,0.9629629629629629,81,124,54,13,3,80,1040,0.01,11.570195821484585,0.01,1157.0195821484585
builtin_fixed_real,wine,real_dataset,dataset,wine,1e-06,NumPy solve,built-in benchmark,,True,0,6.312500045169145e-05,1.1726187782024536e-15,0.0,0.0,4.813776823591996e-14,1.0,0.9629629629629629,81,124,54,13,3,80,1040,0.01,11.570195821484585,0.01,1157.0195821484585
builtin_fixed_real,wine,real_dataset,dataset,wine,1e-06,NumPy Cholesky,built-in benchmark,,True,0,0.00010287500481354073,1.1759489125220192e-15,3.469446951953614e-18,4.9322170115631855e-14,3.742680356867925e-14,1.0,0.9629629629629629,81,124,54,13,3,80,1040,0.01,11.570195821484585,0.01,1157.0195821484585
real_epsilon,digits,real_dataset,epsilon,0.001,0.001,LDLT,scratch,,True,0,0.006844165996881202,1.034487342939538e-15,0.0,2.7126013659047493e-14,0.0,0.9688195991091314,0.9422222222222222,121,1347,450,64,10,120,7680,0.01,18.49508853804932,0.01,1849.508853804932
real_epsilon,digits,real_dataset,epsilon,0.001,0.001,Heavy Ball,scratch,constant momentum,True,157,0.003113375001703389,0.00044921277407259817,7.79613386903133e-08,0.0005854445817973876,0.0005854445817974307,0.9688195991091314,0.9422222222222222,121,1347,450,64,10,120,7680,0.01,18.49508853804932,0.01,1849.508853804932
real_epsilon,digits,real_dataset,epsilon,0.001,0.001,Nesterov,scratch,constant beta,True,171,0.0033593330008443445,0.0009821431531910178,8.633733276364186e-06,0.013095155638664058,0.013095155638664811,0.9688195991091314,0.9422222222222222,121,1347,450,64,10,120,7680,0.01,18.49508853804932,0.01,1849.508853804932
real_epsilon,digits,real_dataset,epsilon,1e-05,1e-05,LDLT,scratch,,True,0,0.006844165996881202,1.034487342939538e-15,0.0,2.7126013659047493e-14,0.0,0.9688195991091314,0.9422222222222222,121,1347,450,64,10,120,7680,0.01,18.49508853804932,0.01,1849.508853804932
real_epsilon,digits,real_dataset,epsilon,1e-05,1e-05,Heavy Ball,scratch,constant momentum,True,267,0.005227790999924764,4.968526000780408e-06,3.394950987001266e-12,3.4226767398693373e-06,3.4226767399736786e-06,0.9688195991091314,0.9422222222222222,121,1347,450,64,10,120,7680,0.01,18.49508853804932,0.01,1849.508853804932
real_epsilon,digits,real_dataset,epsilon,1e-05,1e-05,Nesterov,scratch,constant beta,True,351,0.007086999998136889,9.764176041973657e-06,1.3577194368785683e-09,0.00017889024047437277,0.00017889024047394026,0.9688195991091314,0.9422222222222222,121,1347,450,64,10,120,7680,0.01,18.49508853804932,0.01,1849.508853804932
real_epsilon,digits,real_dataset,epsilon,1e-06,1e-06,LDLT,scratch,,True,0,0.006844165996881202,1.034487342939538e-15,0.0,2.7126013659047493e-14,0.0,0.9688195991091314,0.9422222222222222,121,1347,450,64,10,120,7680,0.01,18.49508853804932,0.01,1849.508853804932
real_epsilon,digits,real_dataset,epsilon,1e-06,1e-06,Heavy Ball,scratch,constant momentum,True,299,0.008338499996170867,8.015118720896059e-07,1.6231460620019789e-13,8.360944647759324e-07,8.360944643557796e-07,0.9688195991091314,0.9422222222222222,121,1347,450,64,10,120,7680,0.01,18.49508853804932,0.01,1849.508853804932
real_epsilon,digits,real_dataset,epsilon,1e-06,1e-06,Nesterov,scratch,constant beta,True,444,0.01185704099771101,9.984544343698802e-07,1.5912104966986362e-11,2.0147343328649556e-05,2.0147343328385357e-05,0.9688195991091314,0.9422222222222222,121,1347,450,64,10,120,7680,0.01,18.49508853804932,0.01,1849.508853804932
real_epsilon,digits,real_dataset,epsilon,1e-07,1e-07,LDLT,scratch,,True,0,0.006844165996881202,1.034487342939538e-15,0.0,2.7126013659047493e-14,0.0,0.9688195991091314,0.9422222222222222,121,1347,450,64,10,120,7680,0.01,18.49508853804932,0.01,1849.508853804932
real_epsilon,digits,real_dataset,epsilon,1e-07,1e-07,Heavy Ball,scratch,constant momentum,True,346,0.011994374995992985,8.105345358643279e-08,2.0539125955565396e-15,9.177533607109772e-08,9.177533454990671e-08,0.9688195991091314,0.9422222222222222,121,1347,450,64,10,120,7680,0.01,18.49508853804932,0.01,1849.508853804932
real_epsilon,digits,real_dataset,epsilon,1e-07,1e-07,Nesterov,scratch,constant beta,True,535,0.011314374998619314,9.889695865969588e-08,1.7436052601738083e-13,2.1888815127950825e-06,2.1888815128630793e-06,0.9688195991091314,0.9422222222222222,121,1347,450,64,10,120,7680,0.01,18.49508853804932,0.01,1849.508853804932
builtin_fixed_real,digits,real_dataset,dataset,digits,1e-06,LDLT,scratch,,True,0,0.006844165996881202,1.034487342939538e-15,0.0,2.7126013659047493e-14,0.0,0.9688195991091314,0.9422222222222222,121,1347,450,64,10,120,7680,0.01,18.49508853804932,0.01,1849.508853804932
builtin_fixed_real,digits,real_dataset,dataset,digits,1e-06,Heavy Ball,scratch,constant momentum,True,299,0.011196542000107002,8.015118720896059e-07,1.6231460620019789e-13,8.360944647759324e-07,8.360944643557796e-07,0.9688195991091314,0.9422222222222222,121,1347,450,64,10,120,7680,0.01,18.49508853804932,0.01,1849.508853804932
builtin_fixed_real,digits,real_dataset,dataset,digits,1e-06,Nesterov,scratch,constant beta,True,444,0.008283415998448618,9.984544343698802e-07,1.5912104966986362e-11,2.0147343328649556e-05,2.0147343328385357e-05,0.9688195991091314,0.9422222222222222,121,1347,450,64,10,120,7680,0.01,18.49508853804932,0.01,1849.508853804932
builtin_fixed_real,digits,real_dataset,dataset,digits,1e-06,PyTorch SGD momentum,library optimizer,library constant momentum,True,299,0.0350075000023935,8.015118705785028e-07,1.6228685062458226e-13,8.360944646405631e-07,8.360944642204103e-07,0.9688195991091314,0.9422222222222222,121,1347,450,64,10,120,7680,0.01,18.49508853804932,0.01,1849.508853804932
builtin_fixed_real,digits,real_dataset,dataset,digits,1e-06,PyTorch SGD Nesterov,library optimizer,library nesterov,True,444,0.04331687500234693,9.98454434415119e-07,1.591204945583513e-11,2.0147343328712518e-05,2.0147343328448318e-05,0.9688195991091314,0.9422222222222222,121,1347,450,64,10,120,7680,0.01,18.49508853804932,0.01,1849.508853804932
builtin_fixed_real,digits,real_dataset,dataset,digits,1e-06,NumPy solve,built-in benchmark,,True,0,0.00010325000039301813,1.1943795772298475e-15,0.0,0.0,2.7126013659047468e-14,0.9688195991091314,0.9422222222222222,121,1347,450,64,10,120,7680,0.01,18.49508853804932,0.01,1849.508853804932
builtin_fixed_real,digits,real_dataset,dataset,digits,1e-06,NumPy Cholesky,built-in benchmark,,True,0,0.00024345800193259493,1.2125306589667905e-15,0.0,2.595559105184152e-14,2.4044240229000775e-14,0.9688195991091314,0.9422222222222222,121,1347,450,64,10,120,7680,0.01,18.49508853804932,0.01,1849.508853804932
beta_fixed_vs_variable,synthetic_well_conditioned,well_corr_0_1,correlation,0.1,1e-06,Nesterov,scratch,constant beta,True,377,0.0533467080022092,9.798651331817087e-07,5.476293897521689e-12,1.2712273721960638e-05,1.2712273722949009e-05,1.0,1.0,501,1000,350,20,3,500,10000,0.05,80.10339753169467,0.05,1602.0679506338934
beta_fixed_vs_variable,synthetic_well_conditioned,well_corr_0_1,correlation,0.1,1e-06,Nesterov variable beta,scratch,variable beta,True,4205,0.4755177909974009,9.99381015121927e-07,8.170915333227668e-12,1.6523774694020455e-05,1.6523774690036368e-05,1.0,1.0,501,1000,350,20,3,500,10000,0.05,80.10339753169467,0.05,1602.0679506338934
beta_fixed_vs_variable,synthetic_ill_conditioned,ill_corr_0_9,correlation,0.9,1e-06,Nesterov,scratch,constant beta,True,3140,0.30896537500666454,9.990123026351678e-07,4.9961094939973694e-11,0.00015830802069948901,0.00015830802065421403,1.0,1.0,501,1000,350,20,3,500,10000,0.001,135.6634320272471,0.001,135663.4320272471
beta_fixed_vs_variable,synthetic_ill_conditioned,ill_corr_0_9,correlation,0.9,1e-06,Nesterov variable beta,scratch,variable beta,False,8000,0.8352598749988829,1.1957916221837144e-05,1.9374442585093528e-08,0.003896430628239489,0.0038964306282423746,1.0,1.0,501,1000,350,20,3,500,10000,0.001,135.6634320272471,0.001,135663.4320272471
beta_fixed_vs_variable,synthetic_sparse,sparse_zero_0_7,sparsity,0.7,1e-06,Nesterov,scratch,constant beta,True,1746,0.18552304100012407,9.955723325815153e-07,1.7764581472512475e-11,2.6564615570273755e-05,2.6564615568618175e-05,0.944,0.84,501,1000,350,20,4,500,10000,0.005,138.28505662213414,0.005,27657.011324426825
beta_fixed_vs_variable,synthetic_sparse,sparse_zero_0_7,sparsity,0.7,1e-06,Nesterov variable beta,scratch,variable beta,False,8000,0.8309287920055795,2.707135400509418e-05,3.6358410462900004e-08,0.0014127200344858587,0.0014127200344970687,0.944,0.84,501,1000,350,20,4,500,10000,0.005,138.28505662213414,0.005,27657.011324426825
beta_fixed_vs_variable,wine,real_dataset,dataset,wine,1e-06,Nesterov,scratch,constant beta,True,345,0.0038170410043676384,9.96876990237936e-07,2.1109711201283687e-11,4.155657934461206e-05,4.1556579332658946e-05,1.0,1.0,81,124,54,13,3,80,1040,0.01,12.305248653448716,0.01,1230.5248653448716
beta_fixed_vs_variable,wine,real_dataset,dataset,wine,1e-06,Nesterov variable beta,scratch,variable beta,True,3583,0.04694958400068572,9.990762104621348e-07,3.540331916518369e-11,6.128922916730951e-05,6.128922915655863e-05,1.0,1.0,81,124,54,13,3,80,1040,0.01,12.305248653448716,0.01,1230.5248653448716
beta_fixed_vs_variable,digits,real_dataset,dataset,digits,1e-06,Nesterov,scratch,constant beta,True,444,0.011755416002415586,9.77838351191075e-07,1.4535594949904862e-11,1.909339165997734e-05,1.9093391660525316e-05,0.9732739420935412,0.9466666666666667,121,1347,450,64,10,120,7680,0.01,18.545636613387845,0.01,1854.5636613387844
beta_fixed_vs_variable,digits,real_dataset,dataset,digits,1e-06,Nesterov variable beta,scratch,variable beta,True,4830,0.19249266700353473,9.969839437385007e-07,2.940364618453373e-11,3.3167588283222764e-05,3.316758828637592e-05,0.9732739420935412,0.9466666666666667,121,1347,450,64,10,120,7680,0.01,18.545636613387845,0.01,1854.5636613387844
