dataset,algorithm,beta_rule,epsilon,hidden_width,iteration,gradient_norm,relative_objective_gap,relative_error_to_reference
digits,Nesterov,constant beta,0.001,100,0,1.511443656540132,0.3608104320050597,1.0
digits,Nesterov,constant beta,0.001,100,20,0.1310146156023414,0.025396405283242884,0.5839792024210397
digits,Nesterov,constant beta,0.001,100,40,0.04514933699986963,0.005876597131354411,0.30513106801566614
digits,Nesterov,constant beta,0.001,100,60,0.019396761520001825,0.0014187163438143802,0.15257009811366737
digits,Nesterov,constant beta,0.001,100,80,0.009645487397070206,0.0004713660162792843,0.08564093756923953
digits,Nesterov,constant beta,0.001,100,100,0.004869765902206368,0.00014049926959763814,0.048711554593934364
digits,Nesterov,constant beta,0.001,100,120,0.002569834426417473,4.705861357748309e-05,0.029352160000940968
digits,Nesterov,constant beta,0.001,100,140,0.0014360051485843583,1.5613659628405108e-05,0.017754875257627936
digits,Nesterov variable beta,variable beta,0.001,100,0,1.511443656540132,0.3608104320050597,1.0
digits,Nesterov variable beta,variable beta,0.001,100,20,0.06327042179965636,0.029174071142619773,0.7255029957607357
digits,Nesterov variable beta,variable beta,0.001,100,40,0.02563324258340247,0.009188383119188737,0.4839652539525998
digits,Nesterov variable beta,variable beta,0.001,100,60,0.012730482969752677,0.002563962558077948,0.2758953030813591
digits,Nesterov variable beta,variable beta,0.001,100,80,0.0065562497192680905,0.0005879782260860555,0.13094063047592774
digits,Nesterov variable beta,variable beta,0.001,100,100,0.004763685541409282,0.0002567178550017535,0.07179711734718631
digits,Nesterov variable beta,variable beta,0.001,100,120,0.003762597920748065,0.0002041176732259231,0.06970364539938952
digits,Nesterov variable beta,variable beta,0.001,100,140,0.0030433829587363783,0.00015568555224773628,0.06674630259110201
digits,Nesterov variable beta,variable beta,0.001,100,160,0.0022450468338688504,9.18202837532911e-05,0.053071201877844865
digits,Nesterov variable beta,variable beta,0.001,100,180,0.0018457335549933926,5.289040527031719e-05,0.037720026144542854
digits,Nesterov variable beta,variable beta,0.001,100,200,0.0014706183418542315,3.2415612673558636e-05,0.02822666136923546
digits,Nesterov variable beta,variable beta,0.001,100,220,0.001249903832340141,2.7057403369862287e-05,0.027357907000987242
digits,Nesterov variable beta,variable beta,0.001,100,240,0.0011979937337895869,2.5781819243675397e-05,0.027414466788749203
digits,Nesterov,constant beta,0.001,500,0,3.34007098829252,0.43248801348658655,1.0
digits,Nesterov,constant beta,0.001,500,20,0.39236896867002824,0.07936802639177555,0.8662501859934956
digits,Nesterov,constant beta,0.001,500,40,0.2079273469705983,0.03801797142466408,0.6864966675656252
digits,Nesterov,constant beta,0.001,500,60,0.10797216570715348,0.017228025582071163,0.526582175593113
digits,Nesterov,constant beta,0.001,500,80,0.07824702533533318,0.011080753598738835,0.4149185556829822
digits,Nesterov,constant beta,0.001,500,100,0.05118166835728769,0.00707889344632899,0.3312125228786986
digits,Nesterov,constant beta,0.001,500,120,0.035194541744691304,0.00423204348168621,0.2611918582498655
digits,Nesterov,constant beta,0.001,500,140,0.02455544793403486,0.002353325807621681,0.20400567317582832
digits,Nesterov,constant beta,0.001,500,160,0.01843116066900273,0.0014893636803427063,0.16116463655514118
digits,Nesterov,constant beta,0.001,500,180,0.01387088953208717,0.0009651368459536874,0.12766916618066232
digits,Nesterov,constant beta,0.001,500,200,0.010319073250149162,0.0005676058169725023,0.09988632762583542
digits,Nesterov,constant beta,0.001,500,220,0.0075858032733145,0.0003279805394131724,0.07799578876699208
digits,Nesterov,constant beta,0.001,500,240,0.005539479135969555,0.00020477566613620601,0.061682239093119914
digits,Nesterov,constant beta,0.001,500,260,0.004708679868003831,0.00013871678869624426,0.04912012213885095
digits,Nesterov,constant beta,0.001,500,280,0.0034702315480169303,8.409601552221424e-05,0.038605296693325804
digits,Nesterov,constant beta,0.001,500,300,0.002528294794424988,4.7524533215465015e-05,0.030033956408686134
digits,Nesterov,constant beta,0.001,500,320,0.0019253321775528414,2.8990819412516577e-05,0.02360405480644468
digits,Nesterov,constant beta,0.001,500,340,0.0016150868789135827,1.9534876304808102e-05,0.018781509984095612
digits,Nesterov,constant beta,0.001,500,360,0.0012312353084930167,1.2394007369770366e-05,0.014843902172186734
digits,Nesterov variable beta,variable beta,0.001,500,0,3.34007098829252,0.43248801348658655,1.0
digits,Nesterov variable beta,variable beta,0.001,500,20,0.16216011611002892,0.08104241931805807,0.9312502578359995
digits,Nesterov variable beta,variable beta,0.001,500,40,0.0838499394015809,0.051731564601844124,0.8398405140904297
digits,Nesterov variable beta,variable beta,0.001,500,60,0.057764404328100385,0.03294343892266517,0.7301890945445346
digits,Nesterov variable beta,variable beta,0.001,500,80,0.038908642256971805,0.01960992726733604,0.6162153195530693
digits,Nesterov variable beta,variable beta,0.001,500,100,0.026588383834367978,0.011416025906935592,0.5094242195066973
digits,Nesterov variable beta,variable beta,0.001,500,120,0.019411915056078477,0.006782992519858491,0.4147308298814509
digits,Nesterov variable beta,variable beta,0.001,500,140,0.015370028455888645,0.0041147230595299095,0.33229065534883956
digits,Nesterov variable beta,variable beta,0.001,500,160,0.01197302100556828,0.0024614734988880754,0.26112009563002997
digits,Nesterov variable beta,variable beta,0.001,500,180,0.009312973434777884,0.001463909212126288,0.20121427544253515
digits,Nesterov variable beta,variable beta,0.001,500,200,0.007807613580741984,0.0009108214746061799,0.15293555398464362
digits,Nesterov variable beta,variable beta,0.001,500,220,0.006822758201765773,0.0006024014286016705,0.11616497170521072
digits,Nesterov variable beta,variable beta,0.001,500,240,0.0058101713310433605,0.0004200074137552384,0.09079508082309024
digits,Nesterov variable beta,variable beta,0.001,500,260,0.00496029484160907,0.0003221990560000887,0.07668788362023256
digits,Nesterov variable beta,variable beta,0.001,500,280,0.004594012601355796,0.000281856507666281,0.0716100210514959
digits,Nesterov variable beta,variable beta,0.001,500,300,0.004369669215308942,0.0002601711093540293,0.07091947752571048
digits,Nesterov variable beta,variable beta,0.001,500,320,0.003947334268189175,0.00023305456085949416,0.07079797560267989
digits,Nesterov variable beta,variable beta,0.001,500,340,0.003472474561027176,0.00020354241128400785,0.06972375296643153
digits,Nesterov variable beta,variable beta,0.001,500,360,0.003213217841659712,0.00017910538796810094,0.06736895928922941
digits,Nesterov variable beta,variable beta,0.001,500,380,0.0030419207019796047,0.00015637437997438608,0.063619088051913
digits,Nesterov variable beta,variable beta,0.001,500,400,0.0028042504094708647,0.0001308239236710862,0.05855659104833597
digits,Nesterov variable beta,variable beta,0.001,500,420,0.0024639958287962266,0.00010458636403225252,0.05267516685489398
digits,Nesterov variable beta,variable beta,0.001,500,440,0.0022026134589189367,8.387021364976432e-05,0.04675234599014102
digits,Nesterov variable beta,variable beta,0.001,500,460,0.002091890410600459,7.032803267227605e-05,0.041407587567754305
digits,Nesterov variable beta,variable beta,0.001,500,480,0.002006672760505039,6.047320373063492e-05,0.036872940090105014
digits,Nesterov variable beta,variable beta,0.001,500,500,0.0018587143516292203,5.1603761062501974e-05,0.03321593679266748
digits,Nesterov variable beta,variable beta,0.001,500,520,0.001702308486218628,4.4094740860436965e-05,0.030578972509742383
digits,Nesterov variable beta,variable beta,0.001,500,540,0.0015825981060727896,3.885200632898489e-05,0.0290668344633447
digits,Nesterov variable beta,variable beta,0.001,500,560,0.0014939191101719452,3.5795385069148367e-05,0.0285189006914163
digits,Nesterov variable beta,variable beta,0.001,500,580,0.0014300627513539545,3.422315777774909e-05,0.028501104700663183
digits,Nesterov variable beta,variable beta,0.001,500,600,0.0013931768929694498,3.313049904814236e-05,0.028491353080109
digits,Nesterov variable beta,variable beta,0.001,500,620,0.0013483982830107264,3.136028186018214e-05,0.02807910321193588
digits,Nesterov variable beta,variable beta,0.001,500,640,0.0012667917239579725,2.8442598475258984e-05,0.027095428954971513
digits,Nesterov variable beta,variable beta,0.001,500,660,0.0011721755071429846,2.496940351003063e-05,0.025616947236601413
digits,Nesterov variable beta,variable beta,0.001,500,680,0.0011052536267116115,2.1740019030352942e-05,0.023850213364298475
digits,Nesterov variable beta,variable beta,0.001,500,700,0.0010520301947156844,1.8948620982298103e-05,0.02201098759726465
digits,Nesterov,constant beta,1e-06,100,0,1.5925960715246872,0.36354573770171983,1.0000000000000002
digits,Nesterov,constant beta,1e-06,100,20,0.15627702838370428,0.03230355958831546,0.6135290997923402
digits,Nesterov,constant beta,1e-06,100,40,0.05128813633326142,0.007372473097993798,0.3354945106566299
digits,Nesterov,constant beta,1e-06,100,60,0.024659508790434635,0.0021471211364954834,0.18063673849156478
digits,Nesterov,constant beta,1e-06,100,80,0.013007701401282351,0.0006998698192852981,0.10079835999816765
digits,Nesterov,constant beta,1e-06,100,100,0.006521170158164703,0.00021832868249155313,0.05899675323618469
digits,Nesterov,constant beta,1e-06,100,120,0.0036581095687416884,8.400317267226454e-05,0.03790956439539378
digits,Nesterov,constant beta,1e-06,100,140,0.00207584387528065,3.084704606845512e-05,0.024196226967213436
digits,Nesterov,constant beta,1e-06,100,160,0.0010975921001568508,1.0773147721243603e-05,0.015247214003447111
digits,Nesterov,constant beta,1e-06,100,180,0.0006781408226878748,4.266307602612818e-06,0.009492942359642082
digits,Nesterov,constant beta,1e-06,100,200,0.00038127801357079805,1.3878351546869894e-06,0.0054367315926316705
digits,Nesterov,constant beta,1e-06,100,220,0.00019846205918412114,4.084551962491023e-07,0.003035217926014912
digits,Nesterov,constant beta,1e-06,100,240,0.0001302722511171702,1.7094382806503994e-07,0.0018957417837763492
digits,Nesterov,constant beta,1e-06,100,260,7.720730561040167e-05,6.608700184318472e-08,0.0011852785771005437
digits,Nesterov,constant beta,1e-06,100,280,4.108785514723027e-05,2.12910050145787e-08,0.0006989352363922116
digits,Nesterov,constant beta,1e-06,100,300,2.5923245055208007e-05,8.00034269388128e-09,0.00042024489377252383
digits,Nesterov,constant beta,1e-06,100,320,1.571050183513065e-05,2.952161320957103e-09,0.0002510824017343998
digits,Nesterov,constant beta,1e-06,100,340,8.752577878606589e-06,9.50635126173438e-10,0.0001453360137145386
digits,Nesterov,constant beta,1e-06,100,360,5.113750898863662e-06,3.4231853462962647e-10,8.966367783216038e-05
digits,Nesterov,constant beta,1e-06,100,380,3.284631100141215e-06,1.46946066426068e-10,5.9572188370846426e-05
digits,Nesterov,constant beta,1e-06,100,400,1.9684313623149515e-06,5.7427340660609616e-11,3.846393151626352e-05
digits,Nesterov,constant beta,1e-06,100,420,1.1552668957376144e-06,2.115718711337422e-11,2.372844376431259e-05
digits,Nesterov variable beta,variable beta,1e-06,100,0,1.5925960715246872,0.36354573770171983,1.0000000000000002
digits,Nesterov variable beta,variable beta,1e-06,100,20,0.06998951583221782,0.03362808334330136,0.7467846591297358
digits,Nesterov variable beta,variable beta,1e-06,100,40,0.029991572679267324,0.011505851147847357,0.5190348996533776
digits,Nesterov variable beta,variable beta,1e-06,100,60,0.0150651761388373,0.003576191378720922,0.3170403322454495
digits,Nesterov variable beta,variable beta,1e-06,100,80,0.008197157212405588,0.0009707640329107148,0.16714959966478582
digits,Nesterov variable beta,variable beta,1e-06,100,100,0.005433471369156855,0.00032426595256043744,0.08349970709260221
digits,Nesterov variable beta,variable beta,1e-06,100,120,0.004209658077783312,0.00022452335298192572,0.06821320812108735
digits,Nesterov variable beta,variable beta,1e-06,100,140,0.003546479359492687,0.00019938164362851007,0.07109087855425025
digits,Nesterov variable beta,variable beta,1e-06,100,160,0.0028168809880688437,0.0001366588004378666,0.06231527086268707
digits,Nesterov variable beta,variable beta,1e-06,100,180,0.002159148491381993,7.758994980455736e-05,0.04665246504318477
digits,Nesterov variable beta,variable beta,1e-06,100,200,0.001756201594805444,4.525314872441677e-05,0.03343752640649562
digits,Nesterov variable beta,variable beta,1e-06,100,220,0.0014484154532612712,3.289095981642842e-05,0.028792283413253867
digits,Nesterov variable beta,variable beta,1e-06,100,240,0.0013595451483786013,3.2339545483983656e-05,0.0294333913556474
digits,Nesterov variable beta,variable beta,1e-06,100,260,0.0012361773736016344,2.6898464944913325e-05,0.027109857543506363
digits,Nesterov variable beta,variable beta,1e-06,100,280,0.0009458088089466879,1.6056320661123058e-05,0.021396441717388397
digits,Nesterov variable beta,variable beta,1e-06,100,300,0.0008301804397016227,1.1650655347278382e-05,0.01774079049297783
digits,Nesterov variable beta,variable beta,1e-06,100,320,0.0008100332026272721,1.1215770800959701e-05,0.01717084690529945
digits,Nesterov variable beta,variable beta,1e-06,100,340,0.0007091555441134325,9.504973243951165e-06,0.01637268885114035
digits,Nesterov variable beta,variable beta,1e-06,100,360,0.0006335352840433812,7.535675118464091e-06,0.014669840624050018
digits,Nesterov variable beta,variable beta,1e-06,100,380,0.0005685940878386142,5.792163960599561e-06,0.012678167996412703
digits,Nesterov variable beta,variable beta,1e-06,100,400,0.0004946280488975702,4.5702928715141145e-06,0.011321668952661387
digits,Nesterov variable beta,variable beta,1e-06,100,420,0.0004769949534773936,4.272646418751469e-06,0.010904582088574899
digits,Nesterov variable beta,variable beta,1e-06,100,440,0.0004478949277319588,3.7774296885451086e-06,0.01029981670559242
digits,Nesterov variable beta,variable beta,1e-06,100,460,0.00038435421625532447,2.9009156186088347e-06,0.009214137303358008
digits,Nesterov variable beta,variable beta,1e-06,100,480,0.00035784328344977325,2.4409298931549195e-06,0.008447205000243261
digits,Nesterov variable beta,variable beta,1e-06,100,500,0.00033598665642112316,2.2471225757103586e-06,0.008085174775727951
digits,Nesterov variable beta,variable beta,1e-06,100,520,0.0003237123890607809,2.048297287199352e-06,0.007583815477661688
digits,Nesterov variable beta,variable beta,1e-06,100,540,0.0002903119023872004,1.5976927772165528e-06,0.006679056905374026
digits,Nesterov variable beta,variable beta,1e-06,100,560,0.00024720715349980693,1.2396793110935889e-06,0.006081508081764331
digits,Nesterov variable beta,variable beta,1e-06,100,580,0.00025491976770969393,1.2996659838337976e-06,0.006240915430473341
digits,Nesterov variable beta,variable beta,1e-06,100,600,0.0002477703535520731,1.2672039289285397e-06,0.0061818396902004686
digits,Nesterov variable beta,variable beta,1e-06,100,620,0.00021764434224403633,1.0057105940541877e-06,0.005471695339494042
digits,Nesterov variable beta,variable beta,1e-06,100,640,0.00020368584977511984,7.800962402437772e-07,0.00461513970662381
digits,Nesterov variable beta,variable beta,1e-06,100,660,0.0001810865421769974,6.401968618285903e-07,0.004273409234037039
digits,Nesterov variable beta,variable beta,1e-06,100,680,0.0001768529657572962,6.836116873132347e-07,0.004620029862361921
digits,Nesterov variable beta,variable beta,1e-06,100,700,0.00018817895487728022,7.485845926191725e-07,0.004807055549905268
digits,Nesterov variable beta,variable beta,1e-06,100,720,0.00016477573085426898,5.839762322878972e-07,0.004228934368998879
digits,Nesterov variable beta,variable beta,1e-06,100,740,0.00013979115236372868,3.9505535473494113e-07,0.003385436317010753
digits,Nesterov variable beta,variable beta,1e-06,100,760,0.0001362228311112033,3.639830080670592e-07,0.0031972797805812645
digits,Nesterov variable beta,variable beta,1e-06,100,780,0.00013964395319443466,4.1713119461328496e-07,0.0035401326153097165
digits,Nesterov variable beta,variable beta,1e-06,100,800,0.00013778654531951089,4.1940865577738684e-07,0.0036351099189869058
digits,Nesterov variable beta,variable beta,1e-06,100,820,0.00012254467730182062,3.3293855941640693e-07,0.0032614642142575973
digits,Nesterov variable beta,variable beta,1e-06,100,840,0.00010968839270122352,2.5370915646139025e-07,0.0027827365856750398
digits,Nesterov variable beta,variable beta,1e-06,100,860,0.00010744606932594875,2.3779636998400022e-07,0.0026320574144299883
digits,Nesterov variable beta,variable beta,1e-06,100,880,0.0001069999017588204,2.482833146300045e-07,0.0027231452230361258
digits,Nesterov variable beta,variable beta,1e-06,100,900,0.00010410812439201989,2.3820010797148683e-07,0.00271303393357051
digits,Nesterov variable beta,variable beta,1e-06,100,920,9.438543402218214e-05,1.9754144747752278e-07,0.0025148387881728327
digits,Nesterov variable beta,variable beta,1e-06,100,940,8.6267866338799e-05,1.682702387706403e-07,0.0023305431261124586
digits,Nesterov variable beta,variable beta,1e-06,100,960,8.826749130839248e-05,1.6918688630629397e-07,0.002276730062571242
digits,Nesterov variable beta,variable beta,1e-06,100,980,8.598569312343886e-05,1.5915399376176254e-07,0.002189898557382871
digits,Nesterov variable beta,variable beta,1e-06,100,1000,7.616824616311792e-05,1.3214769831182416e-07,0.0020343573404421533
digits,Nesterov variable beta,variable beta,1e-06,100,1020,7.419552016659724e-05,1.2301973278949774e-07,0.0019632832291290084
digits,Nesterov variable beta,variable beta,1e-06,100,1040,7.475885729991977e-05,1.2190931045208409e-07,0.0019505977805668489
digits,Nesterov variable beta,variable beta,1e-06,100,1060,6.878571381006595e-05,1.0967900537783848e-07,0.0018880026606402636
digits,Nesterov variable beta,variable beta,1e-06,100,1080,6.580190238947569e-05,1.0018779797449362e-07,0.0018012132019567138
digits,Nesterov variable beta,variable beta,1e-06,100,1100,6.498573178007033e-05,9.37862476568796e-08,0.0017039168137857788
digits,Nesterov variable beta,variable beta,1e-06,100,1120,6.0916465812930794e-05,8.237959314705279e-08,0.0015876427980794827
digits,Nesterov variable beta,variable beta,1e-06,100,1140,5.687989872184945e-05,7.317630118519602e-08,0.0015205277984413961
digits,Nesterov variable beta,variable beta,1e-06,100,1160,5.566378032435176e-05,7.270159729788617e-08,0.0015404118258716452
digits,Nesterov variable beta,variable beta,1e-06,100,1180,5.6592066100931616e-05,7.400752455311022e-08,0.001548133342564489
digits,Nesterov variable beta,variable beta,1e-06,100,1200,5.323160827711408e-05,6.474502195485954e-08,0.0014455522502884496
digits,Nesterov variable beta,variable beta,1e-06,100,1220,4.702528355977968e-05,5.242355097245799e-08,0.0013068643575374433
digits,Nesterov variable beta,variable beta,1e-06,100,1240,4.749932150322176e-05,5.153007590075198e-08,0.001269418527978944
digits,Nesterov variable beta,variable beta,1e-06,100,1260,4.8614003133087023e-05,5.2772113540155985e-08,0.0012762019689824377
digits,Nesterov variable beta,variable beta,1e-06,100,1280,4.429596259460647e-05,4.657063804036632e-08,0.0012350900373080168
digits,Nesterov variable beta,variable beta,1e-06,100,1300,4.153819127378055e-05,4.185645152698925e-08,0.0011928918003966968
digits,Nesterov variable beta,variable beta,1e-06,100,1320,4.2206432951083325e-05,4.1776546166882866e-08,0.0011762682442315647
digits,Nesterov variable beta,variable beta,1e-06,100,1340,4.089372924167457e-05,3.955474608963172e-08,0.0011292397439400569
digits,Nesterov variable beta,variable beta,1e-06,100,1360,3.857373274222595e-05,3.456062774853663e-08,0.0010405729772982643
digits,Nesterov variable beta,variable beta,1e-06,100,1380,3.635948304605214e-05,2.999117210134017e-08,0.0009698894149787594
digits,Nesterov variable beta,variable beta,1e-06,100,1400,3.459031075708865e-05,2.8651204020402332e-08,0.000977607057503237
digits,Nesterov variable beta,variable beta,1e-06,100,1420,3.531002395003991e-05,3.085010161218982e-08,0.0010292526282855363
digits,Nesterov variable beta,variable beta,1e-06,100,1440,3.5636105013182255e-05,3.0876390527678765e-08,0.0010173641521715759
digits,Nesterov variable beta,variable beta,1e-06,100,1460,3.276450248311139e-05,2.5303565187595467e-08,0.0009021494945558017
digits,Nesterov variable beta,variable beta,1e-06,100,1480,2.912892194597317e-05,1.9465175055133344e-08,0.0007809893521565948
digits,Nesterov variable beta,variable beta,1e-06,100,1500,2.86323200461653e-05,1.9351845931270262e-08,0.0007920828086919987
digits,Nesterov variable beta,variable beta,1e-06,100,1520,3.0493743745083117e-05,2.2924195958173854e-08,0.0008792014331533202
digits,Nesterov variable beta,variable beta,1e-06,100,1540,3.063901368462958e-05,2.3254971698305482e-08,0.0008896493038545834
digits,Nesterov variable beta,variable beta,1e-06,100,1560,2.747260002711925e-05,1.836383797804153e-08,0.0007877941576527899
digits,Nesterov variable beta,variable beta,1e-06,100,1580,2.41478323059938e-05,1.3946086341309893e-08,0.0006791615912650052
digits,Nesterov variable beta,variable beta,1e-06,100,1600,2.4739526352190665e-05,1.461059337404258e-08,0.0006868752297422574
digits,Nesterov variable beta,variable beta,1e-06,100,1620,2.660001737977322e-05,1.7054721551668095e-08,0.0007443115326308757
digits,Nesterov variable beta,variable beta,1e-06,100,1640,2.548714220728174e-05,1.6013228937294954e-08,0.000733833562390737
digits,Nesterov variable beta,variable beta,1e-06,100,1660,2.2330800358472007e-05,1.258837231676857e-08,0.0006640560591209052
digits,Nesterov variable beta,variable beta,1e-06,100,1680,2.1352483509689756e-05,1.129352661388694e-08,0.0006255813604147895
digits,Nesterov variable beta,variable beta,1e-06,100,1700,2.2501040117622654e-05,1.2339572724728853e-08,0.0006406956693093572
digits,Nesterov variable beta,variable beta,1e-06,100,1720,2.2534490038168164e-05,1.2480120437086129e-08,0.0006389517073254698
digits,Nesterov variable beta,variable beta,1e-06,100,1740,2.086511804420314e-05,1.0597640154319521e-08,0.0005897748874944028
digits,Nesterov variable beta,variable beta,1e-06,100,1760,1.8844655294426866e-05,8.694181763413411e-09,0.0005441887041042427
digits,Nesterov variable beta,variable beta,1e-06,100,1780,1.863882706335531e-05,8.896621189746767e-09,0.0005606140498538949
digits,Nesterov variable beta,variable beta,1e-06,100,1800,2.0088601519632743e-05,1.026842871842959e-08,0.0005961596084671362
digits,Nesterov variable beta,variable beta,1e-06,100,1820,1.988795234939271e-05,9.74217911897668e-09,0.0005713132731076462
digits,Nesterov variable beta,variable beta,1e-06,100,1840,1.705404205358575e-05,7.161093495966497e-09,0.0004888664500793782
digits,Nesterov variable beta,variable beta,1e-06,100,1860,1.5368697132670133e-05,5.948608244876752e-09,0.0004482861539864004
digits,Nesterov variable beta,variable beta,1e-06,100,1880,1.716575566555951e-05,7.272384583423275e-09,0.0004935371267944201
digits,Nesterov variable beta,variable beta,1e-06,100,1900,1.804116097294332e-05,8.099406312300772e-09,0.0005261922023393341
digits,Nesterov variable beta,variable beta,1e-06,100,1920,1.6015249846782608e-05,6.768514942967485e-09,0.0004936995543548903
digits,Nesterov variable beta,variable beta,1e-06,100,1940,1.4322269398500852e-05,5.422495535922778e-09,0.00044089884597460884
digits,Nesterov variable beta,variable beta,1e-06,100,1960,1.5018768644640928e-05,5.45646397509536e-09,0.00042287520481321686
digits,Nesterov variable beta,variable beta,1e-06,100,1980,1.5236179379544145e-05,5.6061082442937504e-09,0.0004248488771074531
digits,Nesterov variable beta,variable beta,1e-06,100,2000,1.4163734530247408e-05,5.153600157736804e-09,0.00042067142445761924
digits,Nesterov variable beta,variable beta,1e-06,100,2020,1.3556115292027753e-05,4.8246512340810455e-09,0.00041794316748605936
digits,Nesterov variable beta,variable beta,1e-06,100,2040,1.3629707175767295e-05,4.8493616899847325e-09,0.00041898334739893253
digits,Nesterov variable beta,variable beta,1e-06,100,2060,1.352332008167533e-05,4.748219400996234e-09,0.0004073693831021422
digits,Nesterov variable beta,variable beta,1e-06,100,2080,1.304777335192505e-05,4.24665563825144e-09,0.0003749312644021052
digits,Nesterov variable beta,variable beta,1e-06,100,2100,1.2100194451908794e-05,3.5578035240124706e-09,0.0003404536931697176
digits,Nesterov variable beta,variable beta,1e-06,100,2120,1.1379538879608895e-05,3.3233073792882095e-09,0.0003405024040587012
digits,Nesterov variable beta,variable beta,1e-06,100,2140,1.1892861003962477e-05,3.797640507618993e-09,0.0003725104378390215
digits,Nesterov variable beta,variable beta,1e-06,100,2160,1.2509439499748396e-05,4.135718739695093e-09,0.0003857643489822898
digits,Nesterov variable beta,variable beta,1e-06,100,2180,1.1708137833028584e-05,3.5215638738428368e-09,0.0003500600055418315
digits,Nesterov variable beta,variable beta,1e-06,100,2200,1.0063883857652156e-05,2.5486956156672846e-09,0.00029296045705364497
digits,Nesterov variable beta,variable beta,1e-06,100,2220,9.723337390082654e-06,2.3743179089485977e-09,0.00028209865730137115
digits,Nesterov variable beta,variable beta,1e-06,100,2240,1.0721145211577947e-05,2.9549016011820584e-09,0.00031988829561882185
digits,Nesterov variable beta,variable beta,1e-06,100,2260,1.1021863210263141e-05,3.2289655671480233e-09,0.00034076575724267745
digits,Nesterov variable beta,variable beta,1e-06,100,2280,1.0095007420455684e-05,2.7514677480855454e-09,0.0003181340629840246
digits,Nesterov variable beta,variable beta,1e-06,100,2300,9.016892967148277e-06,2.136397309060456e-09,0.00027720112096424007
digits,Nesterov variable beta,variable beta,1e-06,100,2320,8.920501280392322e-06,2.0164875602635135e-09,0.0002614640826481265
digits,Nesterov variable beta,variable beta,1e-06,100,2340,9.424271052441229e-06,2.2495739437911055e-09,0.00027434952719986483
digits,Nesterov variable beta,variable beta,1e-06,100,2360,9.374659733181307e-06,2.2903353102954327e-09,0.00028256382405801795
digits,Nesterov variable beta,variable beta,1e-06,100,2380,8.65486560255533e-06,2.031905949051449e-09,0.00027379146149526746
digits,Nesterov variable beta,variable beta,1e-06,100,2400,8.213091826344567e-06,1.8350472530404005e-09,0.0002620195903169742
digits,Nesterov variable beta,variable beta,1e-06,100,2420,8.356898845256163e-06,1.8412173452553304e-09,0.0002569296662683895
digits,Nesterov variable beta,variable beta,1e-06,100,2440,8.376366280439006e-06,1.820795125784258e-09,0.00025004851896355605
digits,Nesterov variable beta,variable beta,1e-06,100,2460,7.974378932971271e-06,1.637463997727906e-09,0.0002355960771423649
digits,Nesterov variable beta,variable beta,1e-06,100,2480,7.454703804711973e-06,1.4409015647309786e-09,0.00022480058590374833
digits,Nesterov variable beta,variable beta,1e-06,100,2500,7.2690484287285425e-06,1.4345456211817265e-09,0.00023090213412662252
digits,Nesterov variable beta,variable beta,1e-06,100,2520,7.56970394385807e-06,1.589069542617949e-09,0.00024395108240447158
digits,Nesterov variable beta,variable beta,1e-06,100,2540,7.746815904050248e-06,1.6040615224977017e-09,0.00024007661034437396
digits,Nesterov variable beta,variable beta,1e-06,100,2560,7.120440318705417e-06,1.3025696909974016e-09,0.00021184937340654278
digits,Nesterov variable beta,variable beta,1e-06,100,2580,6.170993596917128e-06,9.928595168240406e-10,0.00018536186053629
digits,Nesterov variable beta,variable beta,1e-06,100,2600,6.296787349667178e-06,1.0652980164671533e-09,0.00019508376961275672
digits,Nesterov variable beta,variable beta,1e-06,100,2620,7.073356571137573e-06,1.3367970341793267e-09,0.00021982504543766388
digits,Nesterov variable beta,variable beta,1e-06,100,2640,6.977563652906534e-06,1.3212909377724458e-09,0.00022088827139822562
digits,Nesterov variable beta,variable beta,1e-06,100,2660,6.030779825151878e-06,1.0188480059625249e-09,0.00019605026426234892
digits,Nesterov variable beta,variable beta,1e-06,100,2680,5.6013396268723055e-06,8.446481014612317e-10,0.00017428098406728812
digits,Nesterov variable beta,variable beta,1e-06,100,2700,6.010922245955445e-06,9.185436022907112e-10,0.00017598258455586488
digits,Nesterov variable beta,variable beta,1e-06,100,2720,6.146439393200837e-06,9.8710237206312e-10,0.00018498578619200834
digits,Nesterov variable beta,variable beta,1e-06,100,2740,5.757469792196224e-06,9.226815977925185e-10,0.00018560097059640597
digits,Nesterov variable beta,variable beta,1e-06,100,2760,5.455676651837417e-06,8.445619203989452e-10,0.00018082839787404945
digits,Nesterov variable beta,variable beta,1e-06,100,2780,5.493545961858193e-06,8.282294572392601e-10,0.00017593549263116378
digits,Nesterov variable beta,variable beta,1e-06,100,2800,5.501999578200572e-06,8.04825150968469e-10,0.0001685488537586026
digits,Nesterov variable beta,variable beta,1e-06,100,2820,5.25505645272132e-06,7.230600285179634e-10,0.00015752983353153254
digits,Nesterov variable beta,variable beta,1e-06,100,2840,4.924872887289235e-06,6.44250458536888e-10,0.0001510018716275426
digits,Nesterov variable beta,variable beta,1e-06,100,2860,4.851995306744776e-06,6.528056428756202e-10,0.00015663889868723928
digits,Nesterov variable beta,variable beta,1e-06,100,2880,5.054393950717378e-06,7.215263386761706e-10,0.00016625021256131504
digits,Nesterov variable beta,variable beta,1e-06,100,2900,5.102224871128116e-06,7.236787835651626e-10,0.00016461179134075226
digits,Nesterov variable beta,variable beta,1e-06,100,2920,4.744384236597931e-06,6.076839031976533e-10,0.0001477006464814947
digits,Nesterov variable beta,variable beta,1e-06,100,2940,4.293223089474036e-06,4.838295319942176e-10,0.0001294385396660458
digits,Nesterov variable beta,variable beta,1e-06,100,2960,4.235294714205789e-06,4.770278894117297e-10,0.0001299987204562421
digits,Nesterov variable beta,variable beta,1e-06,100,2980,4.5027560045910126e-06,5.631791144544707e-10,0.00014492873144150663
digits,Nesterov variable beta,variable beta,1e-06,100,3000,4.629326580070555e-06,6.080229375537982e-10,0.00015251315220921643
digits,Nesterov variable beta,variable beta,1e-06,100,3020,4.364638377465336e-06,5.363885724474216e-10,0.00014292750101531997
digits,Nesterov variable beta,variable beta,1e-06,100,3040,3.9202962329652214e-06,4.209540216404406e-10,0.00012424595793040995
digits,Nesterov variable beta,variable beta,1e-06,100,3060,3.7880875657162133e-06,3.8064890128808315e-10,0.00011519782753651936
digits,Nesterov variable beta,variable beta,1e-06,100,3080,3.989850756920805e-06,4.233935702036007e-10,0.00012199087675798833
digits,Nesterov variable beta,variable beta,1e-06,100,3100,4.0610127301980405e-06,4.5740988774412017e-10,0.0001304775970367587
digits,Nesterov variable beta,variable beta,1e-06,100,3120,3.866758992115473e-06,4.3431516716374574e-10,0.00013045170459583872
digits,Nesterov variable beta,variable beta,1e-06,100,3140,3.680945292134137e-06,3.902934087030019e-10,0.0001232638258570356
digits,Nesterov variable beta,variable beta,1e-06,100,3160,3.632582206543899e-06,3.587487806822054e-10,0.00011441823974552258
digits,Nesterov variable beta,variable beta,1e-06,100,3180,3.5517195621206465e-06,3.349360788718059e-10,0.00010814850425468023
digits,Nesterov variable beta,variable beta,1e-06,100,3200,3.4293487429146655e-06,3.212722310408367e-10,0.00010724420231484796
digits,Nesterov variable beta,variable beta,1e-06,100,3220,3.4145029054875428e-06,3.280354599066726e-10,0.00011119222307144025
digits,Nesterov variable beta,variable beta,1e-06,100,3240,3.4391624868339146e-06,3.379700685979259e-10,0.00011467285430479261
digits,Nesterov variable beta,variable beta,1e-06,100,3260,3.3646853622634884e-06,3.261503012108591e-10,0.00011268643439882206
digits,Nesterov variable beta,variable beta,1e-06,100,3280,3.237358221931666e-06,2.950945598989563e-10,0.00010513826876309099
digits,Nesterov variable beta,variable beta,1e-06,100,3300,3.1213134612143875e-06,2.626223960522367e-10,9.650578540365678e-05
digits,Nesterov variable beta,variable beta,1e-06,100,3320,3.0134300681771e-06,2.4405213960854155e-10,9.291770418043105e-05
digits,Nesterov variable beta,variable beta,1e-06,100,3340,2.9795068237337146e-06,2.492384632013511e-10,9.669651756827433e-05
digits,Nesterov variable beta,variable beta,1e-06,100,3360,3.0390128955340957e-06,2.6802637886902403e-10,0.00010261831150913096
digits,Nesterov variable beta,variable beta,1e-06,100,3380,3.0473829893692423e-06,2.7040028549585315e-10,0.00010321334139528768
digits,Nesterov variable beta,variable beta,1e-06,100,3400,2.913681497153083e-06,2.418681921412258e-10,9.585396097328319e-05
digits,Nesterov variable beta,variable beta,1e-06,100,3420,2.7287191931753806e-06,2.031215473596859e-10,8.516270875403625e-05
digits,Nesterov variable beta,variable beta,1e-06,100,3440,2.6304985119896884e-06,1.8452955830028372e-10,8.028803060836126e-05
digits,Nesterov variable beta,variable beta,1e-06,100,3460,2.647089795113542e-06,1.945112126922055e-10,8.510014937234793e-05
digits,Nesterov variable beta,variable beta,1e-06,100,3480,2.706609255845033e-06,2.156898548655306e-10,9.271102752624019e-05
digits,Nesterov variable beta,variable beta,1e-06,100,3500,2.7219982640087177e-06,2.220875705560843e-10,9.457736547685923e-05
digits,Nesterov variable beta,variable beta,1e-06,100,3520,2.6359248828184323e-06,1.9983725785266415e-10,8.737027368947791e-05
digits,Nesterov variable beta,variable beta,1e-06,100,3540,2.4470051825367694e-06,1.5987838830611167e-10,7.475285237353495e-05
digits,Nesterov variable beta,variable beta,1e-06,100,3560,2.2584592833499896e-06,1.3370937690382334e-10,6.788142728825665e-05
digits,Nesterov variable beta,variable beta,1e-06,100,3580,2.2643212779713677e-06,1.4667800307677226e-10,7.498600875730813e-05
digits,Nesterov variable beta,variable beta,1e-06,100,3600,2.4682994503001047e-06,1.8428417125626595e-10,8.638109798133245e-05
digits,Nesterov variable beta,variable beta,1e-06,100,3620,2.573875463904606e-06,1.9659965322382789e-10,8.841874813678843e-05
digits,Nesterov variable beta,variable beta,1e-06,100,3640,2.3595510801832e-06,1.5678500164817422e-10,7.682132216416903e-05
digits,Nesterov variable beta,variable beta,1e-06,100,3660,1.971052150366074e-06,1.036349339678111e-10,6.034325003282754e-05
digits,Nesterov variable beta,variable beta,1e-06,100,3680,1.888820161725187e-06,9.725020788664551e-11,5.904728010315524e-05
digits,Nesterov variable beta,variable beta,1e-06,100,3700,2.194626274502346e-06,1.3926051978252474e-10,7.312407419842114e-05
digits,Nesterov variable beta,variable beta,1e-06,100,3720,2.3935533989824375e-06,1.6963042082096536e-10,8.190465937690958e-05
digits,Nesterov variable beta,variable beta,1e-06,100,3740,2.221461065405274e-06,1.4616347021600973e-10,7.631796419824307e-05
digits,Nesterov variable beta,variable beta,1e-06,100,3760,1.839459310403172e-06,9.739994921709183e-11,6.156127828413227e-05
digits,Nesterov variable beta,variable beta,1e-06,100,3780,1.7103222266297765e-06,8.030559550675775e-11,5.403888500722862e-05
digits,Nesterov variable beta,variable beta,1e-06,100,3800,1.9504670871395575e-06,1.0529499494538186e-10,6.171983626801202e-05
digits,Nesterov variable beta,variable beta,1e-06,100,3820,2.12413847881142e-06,1.2948489502839777e-10,7.001420553420636e-05
digits,Nesterov variable beta,variable beta,1e-06,100,3840,2.000901541879928e-06,1.1934889188047748e-10,6.903233126265628e-05
digits,Nesterov variable beta,variable beta,1e-06,100,3860,1.7352263449343417e-06,9.131570499754105e-11,6.139392711843638e-05
digits,Nesterov variable beta,variable beta,1e-06,100,3880,1.660422986834306e-06,8.03744015787089e-11,5.6373958409687235e-05
digits,Nesterov variable beta,variable beta,1e-06,100,3900,1.800805579264182e-06,9.099482278784876e-11,5.794793679330138e-05
digits,Nesterov variable beta,variable beta,1e-06,100,3920,1.8717832199434423e-06,9.842632264778217e-11,5.990651866668873e-05
digits,Nesterov variable beta,variable beta,1e-06,100,3940,1.7516473806394794e-06,8.815531638006746e-11,5.784014223174621e-05
digits,Nesterov variable beta,variable beta,1e-06,100,3960,1.5758732537365842e-06,7.402770063613673e-11,5.483889247600578e-05
digits,Nesterov variable beta,variable beta,1e-06,100,3980,1.5682457735587919e-06,7.497946707957226e-11,5.582583007339593e-05
digits,Nesterov variable beta,variable beta,1e-06,100,4000,1.7047569711885142e-06,8.662193184960643e-11,5.862044487060644e-05
digits,Nesterov variable beta,variable beta,1e-06,100,4020,1.7430529438789946e-06,8.673969875694354e-11,5.691609271268462e-05
digits,Nesterov variable beta,variable beta,1e-06,100,4040,1.5656630730535355e-06,6.775818794935162e-11,4.949195431664975e-05
digits,Nesterov variable beta,variable beta,1e-06,100,4060,1.3384851489102605e-06,5.103514832960343e-11,4.41130023215477e-05
digits,Nesterov variable beta,variable beta,1e-06,100,4080,1.388660696929718e-06,5.871228503373516e-11,4.9094770805850464e-05
digits,Nesterov variable beta,variable beta,1e-06,100,4100,1.6224690794482175e-06,7.986397654313748e-11,5.700922206686745e-05
digits,Nesterov variable beta,variable beta,1e-06,100,4120,1.6713528866143407e-06,8.262629469513172e-11,5.7102897346464736e-05
digits,Nesterov variable beta,variable beta,1e-06,100,4140,1.4303274605678202e-06,5.917696888069202e-11,4.7539853954786455e-05
digits,Nesterov variable beta,variable beta,1e-06,100,4160,1.159114329548399e-06,3.789143998567113e-11,3.7323889691209554e-05
digits,Nesterov variable beta,variable beta,1e-06,100,4180,1.2418846176262554e-06,4.3465758770011576e-11,4.0266670430585536e-05
digits,Nesterov variable beta,variable beta,1e-06,100,4200,1.4779381273046028e-06,6.378983452570708e-11,5.001283244796769e-05
digits,Nesterov variable beta,variable beta,1e-06,100,4220,1.5135351662255876e-06,7.002362578667487e-11,5.3579073296729454e-05
digits,Nesterov variable beta,variable beta,1e-06,100,4240,1.332647683408162e-06,5.587294515940755e-11,4.8341032890814486e-05
digits,Nesterov variable beta,variable beta,1e-06,100,4260,1.164744006138398e-06,4.01066679867057e-11,3.95809028089038e-05
digits,Nesterov variable beta,variable beta,1e-06,100,4280,1.1836666266388418e-06,3.743136356426646e-11,3.605891071754424e-05
digits,Nesterov variable beta,variable beta,1e-06,100,4300,1.2607809357692608e-06,4.378392093329353e-11,3.9855305313551246e-05
digits,Nesterov variable beta,variable beta,1e-06,100,4320,1.2672354971450148e-06,4.906264283732753e-11,4.472273937547795e-05
digits,Nesterov variable beta,variable beta,1e-06,100,4340,1.239466244815824e-06,4.987432689063098e-11,4.643017609953608e-05
digits,Nesterov variable beta,variable beta,1e-06,100,4360,1.2271714307544857e-06,4.6655013186125416e-11,4.396004160025493e-05
digits,Nesterov variable beta,variable beta,1e-06,100,4380,1.1820633669055068e-06,3.9179326449811924e-11,3.8144465491026604e-05
digits,Nesterov variable beta,variable beta,1e-06,100,4400,1.072181089512038e-06,3.0852431720518325e-11,3.2796933341396014e-05
digits,Nesterov variable beta,variable beta,1e-06,100,4420,1.0114472190242385e-06,2.9955010694138196e-11,3.3942764739536244e-05
digits,Nesterov variable beta,variable beta,1e-06,100,4440,1.1103303081699172e-06,3.8823361192541483e-11,4.0262915292016246e-05
digits,Nesterov variable beta,variable beta,1e-06,100,4460,1.223511277096616e-06,4.643344042598585e-11,4.3953479022234074e-05
digits,Nesterov variable beta,variable beta,1e-06,100,4480,1.1680451068566379e-06,4.090833227721191e-11,4.063611945203305e-05
digits,Nesterov,constant beta,1e-06,500,0,3.354131176758852,0.4297360340535238,1.0000000000000002
digits,Nesterov,constant beta,1e-06,500,20,0.38344787054399043,0.08110049553179964,0.8695171576581145
digits,Nesterov,constant beta,1e-06,500,40,0.2305070918111306,0.041582960710452144,0.696671664496179
digits,Nesterov,constant beta,1e-06,500,60,0.11601808823989135,0.018612950975652173,0.5382385639458194
digits,Nesterov,constant beta,1e-06,500,80,0.07781477226997208,0.011240698322089265,0.42325794672809053
digits,Nesterov,constant beta,1e-06,500,100,0.0522293348909423,0.007133191553288745,0.3383484296423943
digits,Nesterov,constant beta,1e-06,500,120,0.03699001315177987,0.004536358207646682,0.2698904032041727
digits,Nesterov,constant beta,1e-06,500,140,0.025123792580853344,0.002618899550073439,0.21268242621615244
digits,Nesterov,constant beta,1e-06,500,160,0.01959233015723974,0.0016083415938669687,0.1673615706597034
digits,Nesterov,constant beta,1e-06,500,180,0.0149277284108816,0.0009785113173129967,0.13191489388256214
digits,Nesterov,constant beta,1e-06,500,200,0.01047198447207976,0.0005935941885294865,0.10462802620629066
digits,Nesterov,constant beta,1e-06,500,220,0.008425609837444236,0.0003942903256036606,0.08359702965765739
digits,Nesterov,constant beta,1e-06,500,240,0.0064861495069868085,0.00024966885535060435,0.06631437716288459
digits,Nesterov,constant beta,1e-06,500,260,0.004815948070340464,0.00014734549101728944,0.0519747475862179
digits,Nesterov,constant beta,1e-06,500,280,0.003567685847559251,8.660365668922143e-05,0.040698057282768776
digits,Nesterov,constant beta,1e-06,500,300,0.0027510546042573848,5.450073338277017e-05,0.03222225627607446
digits,Nesterov,constant beta,1e-06,500,320,0.0022930413658723736,3.675461672202063e-05,0.025708208450714917
digits,Nesterov,constant beta,1e-06,500,340,0.0017312639306950345,2.2812046981318668e-05,0.02032021688467346
digits,Nesterov,constant beta,1e-06,500,360,0.001293993862463834,1.3432947244498838e-05,0.01590938948398116
digits,Nesterov,constant beta,1e-06,500,380,0.0010071245705099061,8.227933496723905e-06,0.012486529591733988
digits,Nesterov,constant beta,1e-06,500,400,0.0008103667712178649,5.204642352249489e-06,0.009860314326327292
digits,Nesterov,constant beta,1e-06,500,420,0.0006218471416228443,3.2290477242624682e-06,0.00781442301863321
digits,Nesterov,constant beta,1e-06,500,440,0.0004723894542594087,2.018171533932356e-06,0.006224177027044252
digits,Nesterov,constant beta,1e-06,500,460,0.00038586156959736904,1.3253402765395217e-06,0.004980523509468539
digits,Nesterov,constant beta,1e-06,500,480,0.00030824622584706325,8.517065653301792e-07,0.0039640303734341424
digits,Nesterov,constant beta,1e-06,500,500,0.00023661448192573628,5.161452087676377e-07,0.003120379833859187
digits,Nesterov,constant beta,1e-06,500,520,0.00017704649867423768,3.0702465077248053e-07,0.0024457896886618024
digits,Nesterov,constant beta,1e-06,500,540,0.00014097271160689361,1.9164184494879777e-07,0.0019282036842231576
digits,Nesterov,constant beta,1e-06,500,560,0.00011426855861951857,1.234262458765789e-07,0.0015295460528694893
digits,Nesterov,constant beta,1e-06,500,580,9.032084319003891e-05,7.709758860496851e-08,0.001213367964845246
digits,Nesterov,constant beta,1e-06,500,600,6.682977739607628e-05,4.675587478297771e-08,0.0009638929614069778
digits,Nesterov,constant beta,1e-06,500,620,5.331756416740044e-05,3.001589868323329e-08,0.00077212949083724
digits,Nesterov,constant beta,1e-06,500,640,4.402855402312293e-05,2.0066897990500543e-08,0.0006209335494091726
digits,Nesterov,constant beta,1e-06,500,660,3.585050553326217e-05,1.2900042659080846e-08,0.0004949270239496352
digits,Nesterov,constant beta,1e-06,500,680,2.6752294424979305e-05,7.622479494817647e-09,0.0003893750729913109
digits,Nesterov,constant beta,1e-06,500,700,1.9688228471016576e-05,4.473283812811424e-09,0.0003062515383764892
digits,Nesterov,constant beta,1e-06,500,720,1.601351510521738e-05,2.8741670293763733e-09,0.00024408205473991858
digits,Nesterov,constant beta,1e-06,500,740,1.3397525483935171e-05,1.9334572692875085e-09,0.00019622878697604955
digits,Nesterov,constant beta,1e-06,500,760,1.0716513227790336e-05,1.247550354688265e-09,0.00015698147162798967
digits,Nesterov,constant beta,1e-06,500,780,8.087416845437383e-06,7.617001612780783e-10,0.00012436746397087462
digits,Nesterov,constant beta,1e-06,500,800,6.335057675833051e-06,4.6561048072657485e-10,9.81361236277178e-05
digits,Nesterov,constant beta,1e-06,500,820,4.994350129860021e-06,2.8897402526428806e-10,7.755679305693578e-05
digits,Nesterov,constant beta,1e-06,500,840,3.939453021753287e-06,1.8187799877278366e-10,6.152435965401276e-05
digits,Nesterov,constant beta,1e-06,500,860,3.1375330114406194e-06,1.1606533789620954e-10,4.895816803531504e-05
digits,Nesterov,constant beta,1e-06,500,880,2.4916334200576043e-06,7.424917625176164e-11,3.8950579478380595e-05
digits,Nesterov,constant beta,1e-06,500,900,2.0147973342464053e-06,4.709894974030959e-11,3.085686665867918e-05
digits,Nesterov,constant beta,1e-06,500,920,1.579510302558393e-06,2.8631125248423928e-11,2.4289636842978364e-05
digits,Nesterov,constant beta,1e-06,500,940,1.1489647542173173e-06,1.6911180789058733e-11,1.9128468031313484e-05
digits,Nesterov variable beta,variable beta,1e-06,500,0,3.354131176758852,0.4297360340535238,1.0000000000000002
digits,Nesterov variable beta,variable beta,1e-06,500,20,0.16615336175666467,0.08155672596132534,0.9324250304089274
digits,Nesterov variable beta,variable beta,1e-06,500,40,0.08385218161999032,0.051775095158522785,0.843977721412158
digits,Nesterov variable beta,variable beta,1e-06,500,60,0.058493248542232694,0.03351345733177802,0.7383708824577763
digits,Nesterov variable beta,variable beta,1e-06,500,80,0.04006741794298286,0.020451839251712123,0.6275667371206037
digits,Nesterov variable beta,variable beta,1e-06,500,100,0.02787831001970256,0.012128391148707576,0.5220483158528832
digits,Nesterov variable beta,variable beta,1e-06,500,120,0.019993099684309932,0.00721434852736684,0.42723655188618714
digits,Nesterov variable beta,variable beta,1e-06,500,140,0.015606110275701223,0.004385439067245422,0.34442072881698915
digits,Nesterov variable beta,variable beta,1e-06,500,160,0.012327668820175618,0.00267799192054112,0.2728999445192686
digits,Nesterov variable beta,variable beta,1e-06,500,180,0.009949716231308905,0.0016299090442669778,0.21205119712399786
digits,Nesterov variable beta,variable beta,1e-06,500,200,0.008137459155117838,0.000994259440561418,0.16184628392688102
digits,Nesterov variable beta,variable beta,1e-06,500,220,0.0066724461613519945,0.0006281371789841478,0.12287437204303947
digits,Nesterov variable beta,variable beta,1e-06,500,240,0.005781484582496674,0.0004422578614750039,0.0958931792927599
digits,Nesterov variable beta,variable beta,1e-06,500,260,0.005342134220592763,0.0003553502946707088,0.08035175492896807
digits,Nesterov variable beta,variable beta,1e-06,500,280,0.004892426956890976,0.0003038698052460209,0.07336591882176853
digits,Nesterov variable beta,variable beta,1e-06,500,300,0.004347375708880855,0.00026310426470506354,0.0711252195332914
digits,Nesterov variable beta,variable beta,1e-06,500,320,0.0038489354185680595,0.00023238152244392518,0.07072343231731835
digits,Nesterov variable beta,variable beta,1e-06,500,340,0.0036069935836691163,0.00021186442625971413,0.0703128057893881
digits,Nesterov variable beta,variable beta,1e-06,500,360,0.0034205789505161875,0.0001917671658445974,0.06871659367401779
digits,Nesterov variable beta,variable beta,1e-06,500,380,0.003117583879346735,0.00016608325490585774,0.06549457348303973
digits,Nesterov variable beta,variable beta,1e-06,500,400,0.0027950151749866125,0.00013862696777769412,0.0608940952909551
digits,Nesterov variable beta,variable beta,1e-06,500,420,0.002551991761762172,0.00011421988951927642,0.055464176640726365
digits,Nesterov variable beta,variable beta,1e-06,500,440,0.0023514298331946963,9.398544571757872e-05,0.0497394532264412
digits,Nesterov variable beta,variable beta,1e-06,500,460,0.0021649473676651136,7.774148416735127e-05,0.044168748864204
digits,Nesterov variable beta,variable beta,1e-06,500,480,0.002030591489719334,6.523291772518591e-05,0.039116453999727706
digits,Nesterov variable beta,variable beta,1e-06,500,500,0.0019141920664122922,5.519041741924857e-05,0.03485113090839352
digits,Nesterov variable beta,variable beta,1e-06,500,520,0.0017640843527006458,4.670999009763477e-05,0.03160926111194323
digits,Nesterov variable beta,variable beta,1e-06,500,540,0.001608629969123804,4.0441743844502054e-05,0.029601593056031023
digits,Nesterov variable beta,variable beta,1e-06,500,560,0.0015170079621193374,3.710414969614051e-05,0.02879422349743897
digits,Nesterov variable beta,variable beta,1e-06,500,580,0.001484406686598525,3.5793539203507474e-05,0.028747725499947977
digits,Nesterov variable beta,variable beta,1e-06,500,600,0.001440949439784713,3.465905453993445e-05,0.028845236770752743
digits,Nesterov variable beta,variable beta,1e-06,500,620,0.0013622568688530293,3.2752641177510866e-05,0.028639591906117548
digits,Nesterov variable beta,variable beta,1e-06,500,640,0.0012921934144774644,3.0258949701197912e-05,0.0279452150019073
digits,Nesterov variable beta,variable beta,1e-06,500,660,0.001237599637441378,2.7325580147383177e-05,0.02674465757652716
digits,Nesterov variable beta,variable beta,1e-06,500,680,0.00116487004588796,2.3928878092979722e-05,0.02513447910812347
digits,Nesterov variable beta,variable beta,1e-06,500,700,0.00106613393466545,2.0528680027748214e-05,0.023327248575214232
digits,Nesterov variable beta,variable beta,1e-06,500,720,0.0009940769999540469,1.7956408489727682e-05,0.02158690305542853
digits,Nesterov variable beta,variable beta,1e-06,500,740,0.0009779067844827823,1.6396546631616826e-05,0.02007694732577166
digits,Nesterov variable beta,variable beta,1e-06,500,760,0.0009666592738179143,1.5167344418837159e-05,0.018797336627771357
digits,Nesterov variable beta,variable beta,1e-06,500,780,0.0009161028175549367,1.3711610767588867e-05,0.01770883514255086
digits,Nesterov variable beta,variable beta,1e-06,500,800,0.0008449915366890845,1.2234569876964918e-05,0.016859937996829555
digits,Nesterov variable beta,variable beta,1e-06,500,820,0.0007995580466374525,1.121420536347173e-05,0.016332770065031713
digits,Nesterov variable beta,variable beta,1e-06,500,840,0.0007824284678865703,1.0710037112712789e-05,0.01610298331282892
digits,Nesterov variable beta,variable beta,1e-06,500,860,0.0007706695213083082,1.0414727748833674e-05,0.016020110588284026
digits,Nesterov variable beta,variable beta,1e-06,500,880,0.0007491701924948661,1.0026838238433311e-05,0.015910465883513695
digits,Nesterov variable beta,variable beta,1e-06,500,900,0.0007172489550582069,9.451825948317283e-06,0.01566740656277562
digits,Nesterov variable beta,variable beta,1e-06,500,920,0.0006831529445646127,8.768067478528985e-06,0.01526654017209123
digits,Nesterov variable beta,variable beta,1e-06,500,940,0.0006510579722939611,8.093288005481258e-06,0.014732760042706593
digits,Nesterov variable beta,variable beta,1e-06,500,960,0.0006298529031279075,7.506994412542767e-06,0.014100817991282174
digits,Nesterov variable beta,variable beta,1e-06,500,980,0.000620174044801088,6.962092404139142e-06,0.013391737477535397
digits,Nesterov variable beta,variable beta,1e-06,500,1000,0.0005977560443851038,6.331677617765763e-06,0.01263051736860228
digits,Nesterov variable beta,variable beta,1e-06,500,1020,0.0005576725407857008,5.656924781285988e-06,0.011889677881378971
digits,Nesterov variable beta,variable beta,1e-06,500,1040,0.0005287192951192315,5.137469502522474e-06,0.011277485652337087
digits,Nesterov variable beta,variable beta,1e-06,500,1060,0.0005200720600545169,4.842619684530813e-06,0.010858803304765222
digits,Nesterov variable beta,variable beta,1e-06,500,1080,0.0005132548744889504,4.661983887058185e-06,0.01061243070735361
digits,Nesterov variable beta,variable beta,1e-06,500,1100,0.0004995258880678208,4.486606142051208e-06,0.010470987117900125
digits,Nesterov variable beta,variable beta,1e-06,500,1120,0.00048243996488338254,4.2889561342879245e-06,0.01037369085720575
digits,Nesterov variable beta,variable beta,1e-06,500,1140,0.0004657977080761219,4.083677963506727e-06,0.010282644178315526
digits,Nesterov variable beta,variable beta,1e-06,500,1160,0.000449633771845507,3.888415003913681e-06,0.010175545017046934
digits,Nesterov variable beta,variable beta,1e-06,500,1180,0.000435023941674281,3.718927875387412e-06,0.010035037629635845
digits,Nesterov variable beta,variable beta,1e-06,500,1200,0.00042576495988833806,3.577405927643329e-06,0.00983965347052893
digits,Nesterov variable beta,variable beta,1e-06,500,1220,0.0004199968807386073,3.430312319585571e-06,0.009562404445541113
digits,Nesterov variable beta,variable beta,1e-06,500,1240,0.00041169234287975065,3.228986415679258e-06,0.00918552942950917
digits,Nesterov variable beta,variable beta,1e-06,500,1260,0.0003969852913553239,2.9554846303486704e-06,0.008723699555438837
digits,Nesterov variable beta,variable beta,1e-06,500,1280,0.0003754663506433799,2.6467628768539475e-06,0.008237325562103768
digits,Nesterov variable beta,variable beta,1e-06,500,1300,0.00035358342916083624,2.3833546857893184e-06,0.007819492979938756
digits,Nesterov variable beta,variable beta,1e-06,500,1320,0.00034190400706993917,2.2337116792198186e-06,0.007548960927649386
digits,Nesterov variable beta,variable beta,1e-06,500,1340,0.00034221187881094956,2.1931190474361317e-06,0.007436660831260259
digits,Nesterov variable beta,variable beta,1e-06,500,1360,0.0003435030586626024,2.1887961352551333e-06,0.007422152409982671
digits,Nesterov variable beta,variable beta,1e-06,500,1380,0.00033584775463468196,2.1538680006205624e-06,0.007426453033457181
digits,Nesterov variable beta,variable beta,1e-06,500,1400,0.0003230232126142404,2.082965500513345e-06,0.00739902281800237
digits,Nesterov variable beta,variable beta,1e-06,500,1420,0.00031507721355868965,2.001424217731862e-06,0.007319707993173843
digits,Nesterov variable beta,variable beta,1e-06,500,1440,0.0003102934803962598,1.908998345623303e-06,0.007181389223816588
digits,Nesterov variable beta,variable beta,1e-06,500,1460,0.0003001017094756679,1.7931811671229037e-06,0.006988452339432598
digits,Nesterov variable beta,variable beta,1e-06,500,1480,0.0002866917063690737,1.6714506663184636e-06,0.0067630019561526365
digits,Nesterov variable beta,variable beta,1e-06,500,1500,0.0002790349549335008,1.5742737088375591e-06,0.006533945475201191
digits,Nesterov variable beta,variable beta,1e-06,500,1520,0.00027657423860177465,1.5019114125713884e-06,0.006317391272820592
digits,Nesterov variable beta,variable beta,1e-06,500,1540,0.0002714595228043536,1.4322079567447021e-06,0.006115398929318117
digits,Nesterov variable beta,variable beta,1e-06,500,1560,0.00026301333158148784,1.3579807110336573e-06,0.0059305122389083425
digits,Nesterov variable beta,variable beta,1e-06,500,1580,0.00025594371908602354,1.2884582892697116e-06,0.005771276330008411
digits,Nesterov variable beta,variable beta,1e-06,500,1600,0.0002502370396278128,1.2278658095693507e-06,0.005645586703157597
digits,Nesterov variable beta,variable beta,1e-06,500,1620,0.00024352827162936791,1.1754893414761547e-06,0.005556336318257986
digits,Nesterov variable beta,variable beta,1e-06,500,1640,0.00023707797636580318,1.1348539712685568e-06,0.005500681437478571
digits,Nesterov variable beta,variable beta,1e-06,500,1660,0.00023296097603469983,1.108125340057442e-06,0.005467083429064583
digits,Nesterov variable beta,variable beta,1e-06,500,1680,0.00023026658011650862,1.0885043612990364e-06,0.0054345392196475184
digits,Nesterov variable beta,variable beta,1e-06,500,1700,0.00022716632414990397,1.0647844530808914e-06,0.005379223476044099
digits,Nesterov variable beta,variable beta,1e-06,500,1720,0.00022343139265788053,1.0288933928043198e-06,0.00528397594923946
digits,Nesterov variable beta,variable beta,1e-06,500,1740,0.00021881810187424384,9.771077679188167e-07,0.005144811801207934
digits,Nesterov variable beta,variable beta,1e-06,500,1760,0.00021178022137758852,9.112829705143488e-07,0.004974296240852402
digits,Nesterov variable beta,variable beta,1e-06,500,1780,0.00020261059999894388,8.433569253646356e-07,0.004800663620925745
digits,Nesterov variable beta,variable beta,1e-06,500,1800,0.00019502516250585045,7.915733843122386e-07,0.004657135548554208
digits,Nesterov variable beta,variable beta,1e-06,500,1820,0.00019202318945874612,7.661480432991086e-07,0.004562662333291215
digits,Nesterov variable beta,variable beta,1e-06,500,1840,0.0001925683345724114,7.60416393338903e-07,0.004509188462968331
digits,Nesterov variable beta,variable beta,1e-06,500,1860,0.00019333333151337086,7.562937044541806e-07,0.004468597651049823
digits,Nesterov variable beta,variable beta,1e-06,500,1880,0.0001909429878761369,7.371714356441128e-07,0.004413494014772319
digits,Nesterov variable beta,variable beta,1e-06,500,1900,0.0001839557663533285,6.999073043356674e-07,0.004335046494808881
digits,Nesterov variable beta,variable beta,1e-06,500,1920,0.00017544759785459175,6.574678509535525e-07,0.004245505095866144
digits,Nesterov variable beta,variable beta,1e-06,500,1940,0.00017074543456087473,6.259104309708219e-07,0.004164038656599645
digits,Nesterov variable beta,variable beta,1e-06,500,1960,0.00017022304297093345,6.080581648748584e-07,0.004099023519331396
digits,Nesterov variable beta,variable beta,1e-06,500,1980,0.00016920192094381373,5.944956941034141e-07,0.004044352522428192
digits,Nesterov variable beta,variable beta,1e-06,500,2000,0.00016551655890649608,5.781513279234929e-07,0.003989749707601013
digits,Nesterov variable beta,variable beta,1e-06,500,2020,0.0001617429943781423,5.60200939012101e-07,0.00392898913689799
digits,Nesterov variable beta,variable beta,1e-06,500,2040,0.00015989315893487926,5.422121431009064e-07,0.0038590396219356613
digits,Nesterov variable beta,variable beta,1e-06,500,2060,0.000157834530745074,5.209974151959562e-07,0.0037786338910210243
digits,Nesterov variable beta,variable beta,1e-06,500,2080,0.00015319113033371098,4.948602033982841e-07,0.0036919341777292072
digits,Nesterov variable beta,variable beta,1e-06,500,2100,0.0001475858262772844,4.6934056478764585e-07,0.0036102572209726733
digits,Nesterov variable beta,variable beta,1e-06,500,2120,0.00014432122875178026,4.518238591183499e-07,0.003544897897345277
digits,Nesterov variable beta,variable beta,1e-06,500,2140,0.00014366684997414896,4.430557683926528e-07,0.0034972281015021637
digits,Nesterov variable beta,variable beta,1e-06,500,2160,0.00014333012714905943,4.3720898675048137e-07,0.003457441884423789
digits,Nesterov variable beta,variable beta,1e-06,500,2180,0.00014187334724098305,4.2810181333230446e-07,0.0034126156303904425
digits,Nesterov variable beta,variable beta,1e-06,500,2200,0.0001391761863841454,4.130966390764046e-07,0.003355472068507449
digits,Nesterov variable beta,variable beta,1e-06,500,2220,0.0001353551843439891,3.933699484759412e-07,0.0032881634933565394
digits,Nesterov variable beta,variable beta,1e-06,500,2240,0.00013113864569368492,3.7304843347740757e-07,0.0032206344653838113
digits,Nesterov variable beta,variable beta,1e-06,500,2260,0.00012801683121475493,3.567893945843892e-07,0.0031645886662588366
digits,Nesterov variable beta,variable beta,1e-06,500,2280,0.00012643678847431493,3.463037952095016e-07,0.003126285129137802
digits,Nesterov variable beta,variable beta,1e-06,500,2300,0.00012505779676501104,3.398517031544257e-07,0.003103520305537364
digits,Nesterov variable beta,variable beta,1e-06,500,2320,0.00012306208343468723,3.354310638553626e-07,0.0030880990260010784
digits,Nesterov variable beta,variable beta,1e-06,500,2340,0.00012164714129918707,3.3236393358337946e-07,0.0030691494379777107
digits,Nesterov variable beta,variable beta,1e-06,500,2360,0.00012170668567520562,3.2870398647411037e-07,0.0030347023016760698
digits,Nesterov variable beta,variable beta,1e-06,500,2380,0.0001214221791370967,3.19830363207374e-07,0.002974979000464744
digits,Nesterov variable beta,variable beta,1e-06,500,2400,0.00011834417527755903,3.026889560941992e-07,0.002889291588497681
digits,Nesterov variable beta,variable beta,1e-06,500,2420,0.00011293559999492458,2.806520501413834e-07,0.002790987144844689
digits,Nesterov variable beta,variable beta,1e-06,500,2440,0.00010840461525915396,2.6153512334980977e-07,0.0027030925123420154
digits,Nesterov variable beta,variable beta,1e-06,500,2460,0.00010684849025321853,2.5058265681887626e-07,0.0026453678386399084
digits,Nesterov variable beta,variable beta,1e-06,500,2480,0.00010698233329692844,2.469022122725262e-07,0.0026232660700990455
digits,Nesterov variable beta,variable beta,1e-06,500,2500,0.00010655194671460186,2.464396353513143e-07,0.002628035211869649
digits,Nesterov variable beta,variable beta,1e-06,500,2520,0.00010505265801030225,2.464322303302735e-07,0.0026446897962346537
digits,Nesterov variable beta,variable beta,1e-06,500,2540,0.00010359910097544496,2.4631567741018046e-07,0.002658295706160207
digits,Nesterov variable beta,variable beta,1e-06,500,2560,0.00010321042233208096,2.454990348926822e-07,0.002655598615806021
digits,Nesterov variable beta,variable beta,1e-06,500,2580,0.00010332403786616881,2.415828386920227e-07,0.002625971177142855
digits,Nesterov variable beta,variable beta,1e-06,500,2600,0.00010205340867996433,2.3168116027039165e-07,0.002565099257885126
digits,Nesterov variable beta,variable beta,1e-06,500,2620,9.830625845637068e-05,2.1594571401883922e-07,0.0024798105676722823
digits,Nesterov variable beta,variable beta,1e-06,500,2640,9.348126031514789e-05,1.9905932684138872e-07,0.002388642255811388
digits,Nesterov variable beta,variable beta,1e-06,500,2660,9.04007619615347e-05,1.870179375668135e-07,0.0023142004268500633
digits,Nesterov variable beta,variable beta,1e-06,500,2680,9.014867292331422e-05,1.8227992774899615e-07,0.0022706401543407563
digits,Nesterov variable beta,variable beta,1e-06,500,2700,9.107288275474513e-05,1.8251643593703015e-07,0.0022564680263752264
digits,Nesterov variable beta,variable beta,1e-06,500,2720,9.123900478543412e-05,1.8359382679411507e-07,0.0022587952922436295
digits,Nesterov variable beta,variable beta,1e-06,500,2740,9.022064643695029e-05,1.8284061670259533e-07,0.002263177013747701
digits,Nesterov variable beta,variable beta,1e-06,500,2760,8.858824010536974e-05,1.7977621884213146e-07,0.0022600270484285047
digits,Nesterov variable beta,variable beta,1e-06,500,2780,8.692399081567773e-05,1.750713048559449e-07,0.0022455325182772
digits,Nesterov variable beta,variable beta,1e-06,500,2800,8.548495345003848e-05,1.6947974043612923e-07,0.00221992514297522
digits,Nesterov variable beta,variable beta,1e-06,500,2820,8.411469014782894e-05,1.6341696471022793e-07,0.002185742876498522
digits,Nesterov variable beta,variable beta,1e-06,500,2840,8.245081670621657e-05,1.572431073820768e-07,0.002146909871252368
digits,Nesterov variable beta,variable beta,1e-06,500,2860,8.065839253662882e-05,1.51749507737442e-07,0.0021078810130475173
digits,Nesterov variable beta,variable beta,1e-06,500,2880,7.955112564877558e-05,1.4779392902564137e-07,0.002071793372645964
digits,Nesterov variable beta,variable beta,1e-06,500,2900,7.940477722229098e-05,1.4516005637787988e-07,0.0020385129194422824
digits,Nesterov variable beta,variable beta,1e-06,500,2920,7.928391992782721e-05,1.423445897125175e-07,0.002005183860765219
digits,Nesterov variable beta,variable beta,1e-06,500,2940,7.819479507413747e-05,1.3797828825323766e-07,0.00196976029457516
digits,Nesterov variable beta,variable beta,1e-06,500,2960,7.620179373436277e-05,1.3219803902952965e-07,0.001934280430149815
digits,Nesterov variable beta,variable beta,1e-06,500,2980,7.402893497989725e-05,1.2644870293898602e-07,0.0019046187220956895
digits,Nesterov variable beta,variable beta,1e-06,500,3000,7.227019281391037e-05,1.223609126382863e-07,0.0018867989475088388
digits,Nesterov variable beta,variable beta,1e-06,500,3020,7.138238646911953e-05,1.2085965850339164e-07,0.0018824726452128947
digits,Nesterov variable beta,variable beta,1e-06,500,3040,7.163779606284075e-05,1.2157974361992618e-07,0.001886462595174429
digits,Nesterov variable beta,variable beta,1e-06,500,3060,7.24526596310537e-05,1.2267591140147083e-07,0.0018883012698300548
digits,Nesterov variable beta,variable beta,1e-06,500,3080,7.248473907115424e-05,1.2175089539323558e-07,0.0018774619140520322
digits,Nesterov variable beta,variable beta,1e-06,500,3100,7.095351458021462e-05,1.1765378069017451e-07,0.001849167383357197
digits,Nesterov variable beta,variable beta,1e-06,500,3120,6.848508995034755e-05,1.1138652100672886e-07,0.0018069031434470098
digits,Nesterov variable beta,variable beta,1e-06,500,3140,6.636342288022415e-05,1.0508776299156253e-07,0.001760129132681225
digits,Nesterov variable beta,variable beta,1e-06,500,3160,6.513653219984945e-05,1.0033890067429052e-07,0.001719121254395651
digits,Nesterov variable beta,variable beta,1e-06,500,3180,6.443605688050944e-05,9.755348688578191e-08,0.001690425666918576
digits,Nesterov variable beta,variable beta,1e-06,500,3200,6.397216092166997e-05,9.645485628262396e-08,0.0016749586346239144
digits,Nesterov variable beta,variable beta,1e-06,500,3220,6.389971661592263e-05,9.644407132636257e-08,0.0016684774182473907
digits,Nesterov variable beta,variable beta,1e-06,500,3240,6.413827742888993e-05,9.64950038900847e-08,0.00166366547315546
digits,Nesterov variable beta,variable beta,1e-06,500,3260,6.398601419861007e-05,9.53386894153585e-08,0.0016535415353324744
digits,Nesterov variable beta,variable beta,1e-06,500,3280,6.276573798703159e-05,9.231231740125523e-08,0.001635139317006121
digits,Nesterov variable beta,variable beta,1e-06,500,3300,6.0654461229453826e-05,8.807549843614648e-08,0.001611214016491925
digits,Nesterov variable beta,variable beta,1e-06,500,3320,5.8689886893067335e-05,8.424317787802948e-08,0.0015882600884892925
digits,Nesterov variable beta,variable beta,1e-06,500,3340,5.7845833739737296e-05,8.212042644506479e-08,0.0015716948034367414
digits,Nesterov variable beta,variable beta,1e-06,500,3360,5.8100558235673286e-05,8.171251351940523e-08,0.0015617619858789753
digits,Nesterov variable beta,variable beta,1e-06,500,3380,5.86028795892626e-05,8.185884121936216e-08,0.0015534985052183276
digits,Nesterov variable beta,variable beta,1e-06,500,3400,5.8556378224215395e-05,8.119401594119946e-08,0.0015404821991841346
digits,Nesterov variable beta,variable beta,1e-06,500,3420,5.768319664880983e-05,7.903383668350639e-08,0.001519112316235523
digits,Nesterov variable beta,variable beta,1e-06,500,3440,5.6148584134418195e-05,7.566368427636139e-08,0.0014907055108046652
digits,Nesterov variable beta,variable beta,1e-06,500,3460,5.443834638334188e-05,7.207755860216825e-08,0.0014606945289490187
digits,Nesterov variable beta,variable beta,1e-06,500,3480,5.3225697004843496e-05,6.937027120790251e-08,0.0014355310539742071
digits,Nesterov variable beta,variable beta,1e-06,500,3500,5.29187841074884e-05,6.804136389038096e-08,0.0014189235420293122
digits,Nesterov variable beta,variable beta,1e-06,500,3520,5.3183285920617534e-05,6.767371987792536e-08,0.0014099090417034907
digits,Nesterov variable beta,variable beta,1e-06,500,3540,5.320565145003788e-05,6.733621638055354e-08,0.0014042629652878836
digits,Nesterov variable beta,variable beta,1e-06,500,3560,5.252727902108324e-05,6.63943810902401e-08,0.0013978132397678162
digits,Nesterov variable beta,variable beta,1e-06,500,3580,5.145798372606394e-05,6.492798668156219e-08,0.0013886437750178294
digits,Nesterov variable beta,variable beta,1e-06,500,3600,5.06231543937798e-05,6.338694170937575e-08,0.0013768088788606923
digits,Nesterov variable beta,variable beta,1e-06,500,3620,5.0210102428636755e-05,6.199269042550526e-08,0.0013628128742211977
digits,Nesterov variable beta,variable beta,1e-06,500,3640,4.9851136685622044e-05,6.059024725002526e-08,0.001346851589743669
digits,Nesterov variable beta,variable beta,1e-06,500,3660,4.918712475873556e-05,5.899713477475199e-08,0.0013293113672915022
digits,Nesterov variable beta,variable beta,1e-06,500,3680,4.82883904393012e-05,5.7318416221696644e-08,0.0013113698517779543
digits,Nesterov variable beta,variable beta,1e-06,500,3700,4.7514413843725435e-05,5.586056482653756e-08,0.0012946061187070674
digits,Nesterov variable beta,variable beta,1e-06,500,3720,4.7102877142251e-05,5.4803047919160797e-08,0.0012798784675327596
digits,Nesterov variable beta,variable beta,1e-06,500,3740,4.6945246383360815e-05,5.4006264377237656e-08,0.00126665190086246
digits,Nesterov variable beta,variable beta,1e-06,500,3760,4.6710893387113655e-05,5.3129674604246446e-08,0.0012535299935615557
digits,Nesterov variable beta,variable beta,1e-06,500,3780,4.614262227771131e-05,5.1930562655622126e-08,0.0012395594763329068
digits,Nesterov variable beta,variable beta,1e-06,500,3800,4.527836754581731e-05,5.047606040087249e-08,0.001225157148549617
digits,Nesterov variable beta,variable beta,1e-06,500,3820,4.443471681724249e-05,4.9081446115706306e-08,0.0012118397987016599
digits,Nesterov variable beta,variable beta,1e-06,500,3840,4.3920045995517704e-05,4.8024529755719136e-08,0.0012009742006257608
digits,Nesterov variable beta,variable beta,1e-06,500,3860,4.37163328846479e-05,4.730395150587263e-08,0.0011926576912727384
digits,Nesterov variable beta,variable beta,1e-06,500,3880,4.350320272645047e-05,4.6678948956158095e-08,0.0011857207354305655
digits,Nesterov variable beta,variable beta,1e-06,500,3900,4.301994786008701e-05,4.5937419521080436e-08,0.0011787009157061476
digits,Nesterov variable beta,variable beta,1e-06,500,3920,4.234874869914354e-05,4.5094311715287994e-08,0.0011706902937966396
digits,Nesterov variable beta,variable beta,1e-06,500,3940,4.181366196640745e-05,4.4307543259347604e-08,0.0011612695928171807
digits,Nesterov variable beta,variable beta,1e-06,500,3960,4.159251745159671e-05,4.3621936327009614e-08,0.001149890467913915
digits,Nesterov variable beta,variable beta,1e-06,500,3980,4.1471696593691654e-05,4.2851965031953654e-08,0.0011357296898159817
digits,Nesterov variable beta,variable beta,1e-06,500,4000,4.1066175847752886e-05,4.1762495545105693e-08,0.0011184697532622865
digits,Nesterov variable beta,variable beta,1e-06,500,4020,4.026595193743795e-05,4.03565830892072e-08,0.001099281539371569
digits,Nesterov variable beta,variable beta,1e-06,500,4040,3.938737078267321e-05,3.893136747701309e-08,0.0010808358416119943
digits,Nesterov variable beta,variable beta,1e-06,500,4060,3.8828522163445066e-05,3.782053485668069e-08,0.0010660290048036907
digits,Nesterov variable beta,variable beta,1e-06,500,4080,3.861162608831666e-05,3.7113876319438965e-08,0.0010564343392345102
digits,Nesterov variable beta,variable beta,1e-06,500,4100,3.84083720535683e-05,3.666284800751818e-08,0.0010517827452884733
digits,Nesterov variable beta,variable beta,1e-06,500,4120,3.800323724500924e-05,3.6317839013921827e-08,0.0010505865541771647
digits,Nesterov variable beta,variable beta,1e-06,500,4140,3.755894249982735e-05,3.607008088046815e-08,0.0010508589628724374
digits,Nesterov variable beta,variable beta,1e-06,500,4160,3.736325535124685e-05,3.59315642378677e-08,0.0010502469844092992
digits,Nesterov variable beta,variable beta,1e-06,500,4180,3.739807464263588e-05,3.5747866181101706e-08,0.001046077198309399
digits,Nesterov variable beta,variable beta,1e-06,500,4200,3.7301759038069805e-05,3.5228947523058274e-08,0.0010360856553102648
digits,Nesterov variable beta,variable beta,1e-06,500,4220,3.677216679222418e-05,3.4202316298581614e-08,0.0010196778046292236
digits,Nesterov variable beta,variable beta,1e-06,500,4240,3.590504190453539e-05,3.280571934938248e-08,0.0009987015361455462
digits,Nesterov variable beta,variable beta,1e-06,500,4260,3.5092128298637606e-05,3.139568190146935e-08,0.0009769251621647272
digits,Nesterov variable beta,variable beta,1e-06,500,4280,3.4595280009835546e-05,3.0274731346868755e-08,0.0009584471709132477
digits,Nesterov variable beta,variable beta,1e-06,500,4300,3.4306201819458857e-05,2.953223622592649e-08,0.0009461093834227871
digits,Nesterov variable beta,variable beta,1e-06,500,4320,3.399570738542494e-05,2.9123212119674946e-08,0.0009407858126909362
digits,Nesterov variable beta,variable beta,1e-06,500,4340,3.3672046614599976e-05,2.9010020247133284e-08,0.0009414420635735485
digits,Nesterov variable beta,variable beta,1e-06,500,4360,3.354902171526703e-05,2.9153785136015742e-08,0.0009453979891272171
digits,Nesterov variable beta,variable beta,1e-06,500,4380,3.3695061722554146e-05,2.939022547554515e-08,0.0009487649128065321
digits,Nesterov variable beta,variable beta,1e-06,500,4400,3.385753028438157e-05,2.9402975137982068e-08,0.0009474716124713532
digits,Nesterov variable beta,variable beta,1e-06,500,4420,3.367524209867812e-05,2.8890609640730425e-08,0.0009388391874486809
digits,Nesterov variable beta,variable beta,1e-06,500,4440,3.2984829031179136e-05,2.7793210718995986e-08,0.0009229627260641903
digits,Nesterov variable beta,variable beta,1e-06,500,4460,3.194833492414923e-05,2.6378215847722153e-08,0.0009030208016853427
digits,Nesterov variable beta,variable beta,1e-06,500,4480,3.09805096550399e-05,2.5106943829511508e-08,0.0008840607479747816
digits,Nesterov variable beta,variable beta,1e-06,500,4500,3.0501517906425003e-05,2.4362922068643655e-08,0.0008705778751199521
digits,Nesterov variable beta,variable beta,1e-06,500,4520,3.060820509077802e-05,2.4219436636774283e-08,0.0008641750006692595
digits,Nesterov variable beta,variable beta,1e-06,500,4540,3.097062747795398e-05,2.4412455071343153e-08,0.000862956805396629
digits,Nesterov variable beta,variable beta,1e-06,500,4560,3.112017424047805e-05,2.4544325419317836e-08,0.000863111533860577
digits,Nesterov variable beta,variable beta,1e-06,500,4580,3.0828825750026425e-05,2.43573606284464e-08,0.0008613059582707943
digits,Nesterov variable beta,variable beta,1e-06,500,4600,3.0233513456504233e-05,2.3861358347532224e-08,0.000856131714545471
digits,Nesterov variable beta,variable beta,1e-06,500,4620,2.9661927625489686e-05,2.3240731769624823e-08,0.0008479956082706376
digits,Nesterov variable beta,variable beta,1e-06,500,4640,2.9335424281227765e-05,2.2659531570545788e-08,0.0008380841559654953
digits,Nesterov variable beta,variable beta,1e-06,500,4660,2.9197622555250006e-05,2.2143279224118295e-08,0.0008274565638341265
digits,Nesterov variable beta,variable beta,1e-06,500,4680,2.9006307172778942e-05,2.1619201276412703e-08,0.0008168940183419614
digits,Nesterov variable beta,variable beta,1e-06,500,4700,2.858469254439174e-05,2.105107457794908e-08,0.0008072920161850483
digits,Nesterov variable beta,variable beta,1e-06,500,4720,2.8010196139677702e-05,2.0527792229940722e-08,0.0007998275600011461
digits,Nesterov variable beta,variable beta,1e-06,500,4740,2.757940079445671e-05,2.020898010046679e-08,0.0007953733046184915
digits,Nesterov variable beta,variable beta,1e-06,500,4760,2.7536248821743688e-05,2.0165652869774675e-08,0.0007935095587727764
digits,Nesterov variable beta,variable beta,1e-06,500,4780,2.7794035101409896e-05,2.0266507791411037e-08,0.0007921573437076685
digits,Nesterov variable beta,variable beta,1e-06,500,4800,2.797408737491739e-05,2.023616336999101e-08,0.0007884856889054788
digits,Nesterov variable beta,variable beta,1e-06,500,4820,2.7735898675554994e-05,1.9856351507474557e-08,0.0007806063326972055
digits,Nesterov variable beta,variable beta,1e-06,500,4840,2.7061610789608964e-05,1.9139589746419716e-08,0.0007688493716627362
digits,Nesterov variable beta,variable beta,1e-06,500,4860,2.6265255590266064e-05,1.8321777053853516e-08,0.0007557045974644238
digits,Nesterov variable beta,variable beta,1e-06,500,4880,2.572949589078637e-05,1.768447925598604e-08,0.0007444208945241496
digits,Nesterov variable beta,variable beta,1e-06,500,4900,2.5590719507441156e-05,1.7365955132242483e-08,0.0007371705080288937
digits,Nesterov variable beta,variable beta,1e-06,500,4920,2.5685432574281353e-05,1.7307481794959223e-08,0.0007340117320886893
digits,Nesterov variable beta,variable beta,1e-06,500,4940,2.576987037418004e-05,1.733932337988353e-08,0.0007332271564474978
digits,Nesterov variable beta,variable beta,1e-06,500,4960,2.57060609295465e-05,1.7301459140361963e-08,0.0007325236930903117
digits,Nesterov variable beta,variable beta,1e-06,500,4980,2.5467885328401222e-05,1.7113599468099316e-08,0.0007301617936636841
digits,Nesterov variable beta,variable beta,1e-06,500,5000,2.5094048673758025e-05,1.6787141079999124e-08,0.0007254838762834668
digits,Nesterov variable beta,variable beta,1e-06,500,5020,2.4691229408120397e-05,1.6399681793122234e-08,0.0007188077233361605
digits,Nesterov variable beta,variable beta,1e-06,500,5040,2.4406764085678826e-05,1.6037469213747713e-08,0.0007108999776565827
digits,Nesterov variable beta,variable beta,1e-06,500,5060,2.429276318191054e-05,1.572806880567601e-08,0.0007024103398257243
digits,Nesterov variable beta,variable beta,1e-06,500,5080,2.4209087146189853e-05,1.5424355417903435e-08,0.0006936957994590328
digits,Nesterov variable beta,variable beta,1e-06,500,5100,2.395544319683023e-05,1.5072510642366588e-08,0.0006851349767065271
digits,Nesterov variable beta,variable beta,1e-06,500,5120,2.3518859297587625e-05,1.4698078587560559e-08,0.0006774754922849787
digits,Nesterov variable beta,variable beta,1e-06,500,5140,2.31324626126776e-05,1.4402267919932932e-08,0.0006716258151436953
digits,Nesterov variable beta,variable beta,1e-06,500,5160,2.302948377779349e-05,1.4255782762595537e-08,0.0006679192451287478
digits,Nesterov variable beta,variable beta,1e-06,500,5180,2.315067680602885e-05,1.4206079451684062e-08,0.0006656221725706462
digits,Nesterov variable beta,variable beta,1e-06,500,5200,2.3184571381946135e-05,1.4111760440749244e-08,0.0006633560382037172
digits,Nesterov variable beta,variable beta,1e-06,500,5220,2.2897000400375955e-05,1.3877994406441552e-08,0.0006601360329114593
digits,Nesterov variable beta,variable beta,1e-06,500,5240,2.2369544468689164e-05,1.35518297555981e-08,0.000656028342751367
digits,Nesterov variable beta,variable beta,1e-06,500,5260,2.193033181814928e-05,1.327622647928628e-08,0.0006517789995857876
digits,Nesterov variable beta,variable beta,1e-06,500,5280,2.18407916032775e-05,1.3147499713928035e-08,0.0006477662295670689
digits,Nesterov variable beta,variable beta,1e-06,500,5300,2.2033369449898094e-05,1.3115533784024969e-08,0.0006433107262560799
digits,Nesterov variable beta,variable beta,1e-06,500,5320,2.2185536063851923e-05,1.3019851072271216e-08,0.0006370741433505885
digits,Nesterov variable beta,variable beta,1e-06,500,5340,2.201860303915396e-05,1.2724982664802376e-08,0.0006282639214446869
digits,Nesterov variable beta,variable beta,1e-06,500,5360,2.150162622122606e-05,1.223497815561192e-08,0.0006176622924452769
digits,Nesterov variable beta,variable beta,1e-06,500,5380,2.084104084890787e-05,1.1698054039332995e-08,0.0006076480457684457
digits,Nesterov variable beta,variable beta,1e-06,500,5400,2.0326716982528586e-05,1.1310831063426896e-08,0.0006010579321574352
digits,Nesterov variable beta,variable beta,1e-06,500,5420,2.0155283124042876e-05,1.119969196550219e-08,0.0005994956272531175
digits,Nesterov variable beta,variable beta,1e-06,500,5440,2.033199513437375e-05,1.1350932568876537e-08,0.000602180121787764
digits,Nesterov variable beta,variable beta,1e-06,500,5460,2.0684026965168173e-05,1.1616358083776923e-08,0.0006061553610241066
digits,Nesterov variable beta,variable beta,1e-06,500,5480,2.0952054654689407e-05,1.1784248701851574e-08,0.0006077100969743643
digits,Nesterov variable beta,variable beta,1e-06,500,5500,2.091352203913033e-05,1.1684112094512145e-08,0.0006041173396486792
digits,Nesterov variable beta,variable beta,1e-06,500,5520,2.0494180166409654e-05,1.127619508878297e-08,0.0005948560850910746
digits,Nesterov variable beta,variable beta,1e-06,500,5540,1.981732768740362e-05,1.0674558584278238e-08,0.000581890455915722
digits,Nesterov variable beta,variable beta,1e-06,500,5560,1.91480043348657e-05,1.0085640919643701e-08,0.0005689030745760498
digits,Nesterov variable beta,variable beta,1e-06,500,5580,1.873915236392834e-05,9.699122310857788e-09,0.0005596802926116088
digits,Nesterov variable beta,variable beta,1e-06,500,5600,1.867920302022397e-05,9.59869379812961e-09,0.0005563102000720202
digits,Nesterov variable beta,variable beta,1e-06,500,5620,1.887311154317897e-05,9.73885556920795e-09,0.0005582016715118943
digits,Nesterov variable beta,variable beta,1e-06,500,5640,1.914880077872867e-05,9.983245022326948e-09,0.0005625215364741542
digits,Nesterov variable beta,variable beta,1e-06,500,5660,1.9351575610759078e-05,1.0168275832445062e-08,0.0005656359293204213
digits,Nesterov variable beta,variable beta,1e-06,500,5680,1.9365754145708482e-05,1.016239575823974e-08,0.0005646377278161994
digits,Nesterov variable beta,variable beta,1e-06,500,5700,1.9120610589159647e-05,9.911060333545052e-09,0.0005583728595130635
digits,Nesterov variable beta,variable beta,1e-06,500,5720,1.8628335888072407e-05,9.460499827973479e-09,0.0005478130143739895
digits,Nesterov variable beta,variable beta,1e-06,500,5740,1.80204715840714e-05,8.94494141256974e-09,0.0005357320296957244
digits,Nesterov variable beta,variable beta,1e-06,500,5760,1.751388132891729e-05,8.530198034040204e-09,0.0005256530620309748
digits,Nesterov variable beta,variable beta,1e-06,500,5780,1.7291472026612924e-05,8.336020457244686e-09,0.0005202906039351987
digits,Nesterov variable beta,variable beta,1e-06,500,5800,1.738422381525026e-05,8.38026384397672e-09,0.0005202088878847428
digits,Nesterov variable beta,variable beta,1e-06,500,5820,1.766367374994687e-05,8.575140403310755e-09,0.000523567365615954
digits,Nesterov variable beta,variable beta,1e-06,500,5840,1.7933452073228698e-05,8.772461493333772e-09,0.0005271289049758845
digits,Nesterov variable beta,variable beta,1e-06,500,5860,1.802258893291508e-05,8.831237463535757e-09,0.000527817677027228
digits,Nesterov variable beta,variable beta,1e-06,500,5880,1.7839475784461952e-05,8.678105817283566e-09,0.000523981732255166
digits,Nesterov variable beta,variable beta,1e-06,500,5900,1.740279430445357e-05,8.337888726672738e-09,0.0005159504537288414
digits,Nesterov variable beta,variable beta,1e-06,500,5920,1.6849423273578362e-05,7.920707909003788e-09,0.0005058161323909804
digits,Nesterov variable beta,variable beta,1e-06,500,5940,1.6388779052828964e-05,7.568008900116219e-09,0.0004965083013207622
digits,Nesterov variable beta,variable beta,1e-06,500,5960,1.6190728104325342e-05,7.3822096352538225e-09,0.0004904403004287086
digits,Nesterov variable beta,variable beta,1e-06,500,5980,1.6272435951686222e-05,7.378150881920398e-09,0.0004883569105225687
digits,Nesterov variable beta,variable beta,1e-06,500,6000,1.6493261096408887e-05,7.483546490827386e-09,0.0004890902305060079
digits,Nesterov variable beta,variable beta,1e-06,500,6020,1.6663596904871606e-05,7.58475597606445e-09,0.000490360505455051
digits,Nesterov variable beta,variable beta,1e-06,500,6040,1.6657294228984977e-05,7.587055830815537e-09,0.0004900172291120051
digits,Nesterov variable beta,variable beta,1e-06,500,6060,1.645173372971401e-05,7.455411524248667e-09,0.0004869808457999971
digits,Nesterov variable beta,variable beta,1e-06,500,6080,1.6107979980170065e-05,7.220419026565672e-09,0.00048154409964957574
digits,Nesterov variable beta,variable beta,1e-06,500,6100,1.573279607942773e-05,6.955310188905273e-09,0.0004750676899980134
digits,Nesterov variable beta,variable beta,1e-06,500,6120,1.5441108324414122e-05,6.739260885457732e-09,0.0004692676568801837
digits,Nesterov variable beta,variable beta,1e-06,500,6140,1.531141224000098e-05,6.621957024388614e-09,0.0004653840378133777
digits,Nesterov variable beta,variable beta,1e-06,500,6160,1.534051277587715e-05,6.602816335354866e-09,0.00046360663283629653
digits,Nesterov variable beta,variable beta,1e-06,500,6180,1.5438397023806935e-05,6.635023266921003e-09,0.00046306335870918155
digits,Nesterov variable beta,variable beta,1e-06,500,6200,1.5485897780111224e-05,6.653509146414827e-09,0.0004623530767444004
digits,Nesterov variable beta,variable beta,1e-06,500,6220,1.5413203224774374e-05,6.610291605757546e-09,0.0004602643673991925
digits,Nesterov variable beta,variable beta,1e-06,500,6240,1.5234964447238836e-05,6.494525375821958e-09,0.0004562755749591654
digits,Nesterov variable beta,variable beta,1e-06,500,6260,1.501831628767949e-05,6.327024168473194e-09,0.00045066179302754623
digits,Nesterov variable beta,variable beta,1e-06,500,6280,1.4816992969201131e-05,6.1397976980348545e-09,0.0004442922736342489
digits,Nesterov variable beta,variable beta,1e-06,500,6300,1.4634355691986394e-05,5.960446705643996e-09,0.0004383083617473725
digits,Nesterov variable beta,variable beta,1e-06,500,6320,1.444865457796537e-05,5.8110174866454756e-09,0.0004338106019933734
digits,Nesterov variable beta,variable beta,1e-06,500,6340,1.4267239494767474e-05,5.713240783244977e-09,0.0004315623786156377
digits,Nesterov variable beta,variable beta,1e-06,500,6360,1.4146601489822384e-05,5.685556886403376e-09,0.00043168921743301253
digits,Nesterov variable beta,variable beta,1e-06,500,6380,1.4149158404493521e-05,5.727880725281409e-09,0.0004334648873857115
digits,Nesterov variable beta,variable beta,1e-06,500,6400,1.427094402025252e-05,5.806453415302393e-09,0.00043537958260004005
digits,Nesterov variable beta,variable beta,1e-06,500,6420,1.4412730941201875e-05,5.856995791142516e-09,0.00043560040432463504
digits,Nesterov variable beta,variable beta,1e-06,500,6440,1.4431296369466023e-05,5.8129773494730586e-09,0.00043269803965405947
digits,Nesterov variable beta,variable beta,1e-06,500,6460,1.4232647005853643e-05,5.6452179458821306e-09,0.00042633172923319576
digits,Nesterov variable beta,variable beta,1e-06,500,6480,1.3841776435433603e-05,5.38591589382964e-09,0.0004175639781738165
digits,Nesterov variable beta,variable beta,1e-06,500,6500,1.3404756352990827e-05,5.117054210912464e-09,0.0004085804338252257
digits,Nesterov variable beta,variable beta,1e-06,500,6520,1.3108877780439515e-05,4.927164995449651e-09,0.0004018057052428426
digits,Nesterov variable beta,variable beta,1e-06,500,6540,1.3057330916529825e-05,4.86355294926355e-09,0.000398763235302589
digits,Nesterov variable beta,variable beta,1e-06,500,6560,1.3199257716846843e-05,4.91036834804337e-09,0.00039934703449294966
digits,Nesterov variable beta,variable beta,1e-06,500,6580,1.3382796363172907e-05,5.00388178115152e-09,0.00040200498835361225
digits,Nesterov variable beta,variable beta,1e-06,500,6600,1.3467130201958876e-05,5.071182654359241e-09,0.0004046457500679257
digits,Nesterov variable beta,variable beta,1e-06,500,6620,1.339435387020763e-05,5.066520938901142e-09,0.0004056015027677538
digits,Nesterov variable beta,variable beta,1e-06,500,6640,1.3196076455282272e-05,4.986166327047847e-09,0.00040414357042414394
digits,Nesterov variable beta,variable beta,1e-06,500,6660,1.2957409490289101e-05,4.8588603834831545e-09,0.0004004713065394572
digits,Nesterov variable beta,variable beta,1e-06,500,6680,1.2762723652321428e-05,4.722577232052494e-09,0.0003953598405545067
digits,Nesterov variable beta,variable beta,1e-06,500,6700,1.2647555030894513e-05,4.6032284789498945e-09,0.0003897228755961582
digits,Nesterov variable beta,variable beta,1e-06,500,6720,1.2585858373326572e-05,4.506866532749676e-09,0.00038430419738982435
digits,Nesterov variable beta,variable beta,1e-06,500,6740,1.252330236383122e-05,4.426799468659759e-09,0.00037958778511922183
digits,Nesterov variable beta,variable beta,1e-06,500,6760,1.242807262446026e-05,4.3567593421833806e-09,0.0003758593793876753
digits,Nesterov variable beta,variable beta,1e-06,500,6780,1.2315088520543056e-05,4.29815015523527e-09,0.0003732691319832326
digits,Nesterov variable beta,variable beta,1e-06,500,6800,1.2224502648339257e-05,4.25623170041689e-09,0.0003718056975532157
digits,Nesterov variable beta,variable beta,1e-06,500,6820,1.2176628083799612e-05,4.230946551442294e-09,0.0003712310753997035
digits,Nesterov variable beta,variable beta,1e-06,500,6840,1.214887679845507e-05,4.212814430637479e-09,0.00037109435960953256
digits,Nesterov variable beta,variable beta,1e-06,500,6860,1.2098442381068421e-05,4.188518379355521e-09,0.00037086960438099275
digits,Nesterov variable beta,variable beta,1e-06,500,6880,1.2005635717811496e-05,4.150586943585388e-09,0.0003701342824750055
digits,Nesterov variable beta,variable beta,1e-06,500,6900,1.1892893158547271e-05,4.1013865359484925e-09,0.0003686624148322766
digits,Nesterov variable beta,variable beta,1e-06,500,6920,1.1800626436959327e-05,4.047622362279846e-09,0.00036638979733826714
digits,Nesterov variable beta,variable beta,1e-06,500,6940,1.1743788586397258e-05,3.9914006960684034e-09,0.00036332788268209185
digits,Nesterov variable beta,variable beta,1e-06,500,6960,1.1694269020610654e-05,3.927436834083586e-09,0.0003595403631378718
digits,Nesterov variable beta,variable beta,1e-06,500,6980,1.1608491724483801e-05,3.849598015359668e-09,0.0003552167288468871
digits,Nesterov variable beta,variable beta,1e-06,500,7000,1.1471592128364228e-05,3.7602599367581035e-09,0.000350757303876643
digits,Nesterov variable beta,variable beta,1e-06,500,7020,1.1314584003529628e-05,3.6728455277135197e-09,0.00034674191879120704
digits,Nesterov variable beta,variable beta,1e-06,500,7040,1.1189016872932461e-05,3.6044338902474493e-09,0.00034373702401797743
digits,Nesterov variable beta,variable beta,1e-06,500,7060,1.112359036890864e-05,3.5646985502291173e-09,0.000342038044739539
digits,Nesterov variable beta,variable beta,1e-06,500,7080,1.1104722435636855e-05,3.5503431028427457e-09,0.00034151693013542955
digits,Nesterov variable beta,variable beta,1e-06,500,7100,1.109663628091838e-05,3.548405014264233e-09,0.00034167304696904727
digits,Nesterov variable beta,variable beta,1e-06,500,7120,1.107318016084576e-05,3.5439587098284875e-09,0.00034183743523718787
digits,Nesterov variable beta,variable beta,1e-06,500,7140,1.1027599334704673e-05,3.525760156053437e-09,0.0003414016078994706
digits,Nesterov variable beta,variable beta,1e-06,500,7160,1.0959365609112805e-05,3.487864941309482e-09,0.0003399805734811438
digits,Nesterov variable beta,variable beta,1e-06,500,7180,1.0863609861891615e-05,3.429806508248312e-09,0.0003374922893471447
digits,Nesterov variable beta,variable beta,1e-06,500,7200,1.0739717316441493e-05,3.3573136215547805e-09,0.00033416028826946365
digits,Nesterov variable beta,variable beta,1e-06,500,7220,1.0606266935626016e-05,3.2818131545653273e-09,0.0003304323388815377
digits,Nesterov variable beta,variable beta,1e-06,500,7240,1.0497448294473842e-05,3.2160900192979014e-09,0.0003268163993823082
digits,Nesterov variable beta,variable beta,1e-06,500,7260,1.0436546111643237e-05,3.167387976898972e-09,0.0003236890659075335
digits,Nesterov variable beta,variable beta,1e-06,500,7280,1.04122565253806e-05,3.133286366474586e-09,0.0003211792911883182
digits,Nesterov variable beta,variable beta,1e-06,500,7300,1.0386002923011282e-05,3.104469001313781e-09,0.00031919826364383406
digits,Nesterov variable beta,variable beta,1e-06,500,7320,1.0325627285313779e-05,3.072489040967241e-09,0.00031757921860704866
digits,Nesterov variable beta,variable beta,1e-06,500,7340,1.0232657560940997e-05,3.0358822816767272e-09,0.00031620718854313823
digits,Nesterov variable beta,variable beta,1e-06,500,7360,1.0137837632138008e-05,2.999514428503325e-09,0.000315042565075526
digits,Nesterov variable beta,variable beta,1e-06,500,7380,1.0070052332435328e-05,2.9684681934760704e-09,0.0003140480283567514
digits,Nesterov variable beta,variable beta,1e-06,500,7400,1.0029177254255912e-05,2.9426937830923094e-09,0.0003131127461527525
digits,Nesterov variable beta,variable beta,1e-06,500,7420,9.989612900301383e-06,2.91730457846473e-09,0.0003120552615435615
digits,Nesterov variable beta,variable beta,1e-06,500,7440,9.928547076831459e-06,2.887479089164202e-09,0.00031069911724368004
digits,Nesterov variable beta,variable beta,1e-06,500,7460,9.848341464485186e-06,2.85259081633793e-09,0.00030894589303489053
digits,Nesterov variable beta,variable beta,1e-06,500,7480,9.771933332053557e-06,2.8155463377421697e-09,0.0003067842517211404
digits,Nesterov variable beta,variable beta,1e-06,500,7500,9.717893562675325e-06,2.778481250631515e-09,0.00030424658951742114
digits,Nesterov variable beta,variable beta,1e-06,500,7520,9.680191102732585e-06,2.7395463675361498e-09,0.0003013792020011969
digits,Nesterov variable beta,variable beta,1e-06,500,7540,9.631743959423888e-06,2.6942860165135585e-09,0.00029827510855538503
digits,Nesterov variable beta,variable beta,1e-06,500,7560,9.547499308033054e-06,2.640678384291384e-09,0.00029514758704311177
digits,Nesterov variable beta,variable beta,1e-06,500,7580,9.426792450600765e-06,2.5834784866951566e-09,0.0002923621869939895
digits,Nesterov variable beta,variable beta,1e-06,500,7600,9.298303595004769e-06,2.53384127568701e-09,0.00029035110250288763
digits,Nesterov variable beta,variable beta,1e-06,500,7620,9.204355520901445e-06,2.50371136323313e-09,0.0002894118580212814
digits,Nesterov variable beta,variable beta,1e-06,500,7640,9.17422509240049e-06,2.498274934148448e-09,0.0002894933305998832
digits,Nesterov variable beta,variable beta,1e-06,500,7660,9.203804309202477e-06,2.5112209811606334e-09,0.00029011521308473396
digits,Nesterov variable beta,variable beta,1e-06,500,7680,9.25519058612278e-06,2.5259737079785793e-09,0.00029050155793196997
digits,Nesterov variable beta,variable beta,1e-06,500,7700,9.275374294905181e-06,2.522741585075927e-09,0.00028988033842211613
digits,Nesterov variable beta,variable beta,1e-06,500,7720,9.22214880540303e-06,2.4881242760566025e-09,0.00028781092015377533
digits,Nesterov variable beta,variable beta,1e-06,500,7740,9.085661852851703e-06,2.4224972444697457e-09,0.0002843955783266908
digits,Nesterov variable beta,variable beta,1e-06,500,7760,8.897749534836722e-06,2.3410393484857295e-09,0.00028027850923074065
digits,Nesterov variable beta,variable beta,1e-06,500,7780,8.722014749661537e-06,2.2670915839073658e-09,0.00027640554281170733
digits,Nesterov variable beta,variable beta,1e-06,500,7800,8.621841341839489e-06,2.2206660954537938e-09,0.0002736166800286323
digits,Nesterov variable beta,variable beta,1e-06,500,7820,8.620266078798264e-06,2.2082196626804773e-09,0.0002722590613091196
digits,Nesterov variable beta,variable beta,1e-06,500,7840,8.683045979557204e-06,2.2197200050255717e-09,0.00027204532561300965
digits,Nesterov variable beta,variable beta,1e-06,500,7860,8.742532206620684e-06,2.2348464190358186e-09,0.0002722471304506491
digits,Nesterov variable beta,variable beta,1e-06,500,7880,8.741884827302158e-06,2.234391310862449e-09,0.0002720892993305547
digits,Nesterov variable beta,variable beta,1e-06,500,7900,8.665363435107529e-06,2.209777416606329e-09,0.0002711026601678739
digits,Nesterov variable beta,variable beta,1e-06,500,7920,8.539068754012809e-06,2.165440021739684e-09,0.00026926889472178356
digits,Nesterov variable beta,variable beta,1e-06,500,7940,8.408320616585735e-06,2.1139817257820326e-09,0.00026693694039504895
digits,Nesterov variable beta,variable beta,1e-06,500,7960,8.30931293191984e-06,2.068364965412961e-09,0.0002645982719261963
digits,Nesterov variable beta,variable beta,1e-06,500,7980,8.253138194849168e-06,2.036064761234968e-09,0.0002626477286377766
digits,Nesterov variable beta,variable beta,1e-06,500,8000,8.228986187359553e-06,2.017512781837816e-09,0.0002612349503990169
digits,Nesterov variable beta,variable beta,1e-06,500,8020,8.218099745027735e-06,2.0080150459067525e-09,0.0002602481982852122
digits,Nesterov variable beta,variable beta,1e-06,500,8040,8.205157160926358e-06,2.000862281414939e-09,0.00025940379680811337
digits,Nesterov variable beta,variable beta,1e-06,500,8060,8.181157673151106e-06,1.9898675068796834e-09,0.0002583793874596936
digits,Nesterov variable beta,variable beta,1e-06,500,8080,8.141036815334254e-06,1.97086789943679e-09,0.00025693602685147903
digits,Nesterov variable beta,variable beta,1e-06,500,8100,8.082153907988044e-06,1.94252491869662e-09,0.0002549987862451582
digits,Nesterov variable beta,variable beta,1e-06,500,8120,8.006189659905178e-06,1.906633115278389e-09,0.00025268320030613487
digits,Nesterov variable beta,variable beta,1e-06,500,8140,7.921437989691256e-06,1.8676745705548115e-09,0.0002502627970612378
digits,Nesterov variable beta,variable beta,1e-06,500,8160,7.840839821743436e-06,1.8313686539483953e-09,0.0002480827834563304
digits,Nesterov variable beta,variable beta,1e-06,500,8180,7.775522872909388e-06,1.8026311693342123e-09,0.0002464432640083394
digits,Nesterov variable beta,variable beta,1e-06,500,8200,7.729340417646385e-06,1.7839395100027744e-09,0.00024549263142338936
digits,Nesterov variable beta,variable beta,1e-06,500,8220,7.699504254988146e-06,1.7748380959359267e-09,0.00024517097585465935
digits,Nesterov variable beta,variable beta,1e-06,500,8240,7.681406166246093e-06,1.7724178513756073e-09,0.0002452206301117272
digits,Nesterov variable beta,variable beta,1e-06,500,8260,7.670947427938116e-06,1.772069241345875e-09,0.00024525365738045776
digits,Nesterov variable beta,variable beta,1e-06,500,8280,7.661676074368401e-06,1.768201793317381e-09,0.0002448535797518606
digits,Nesterov variable beta,variable beta,1e-06,500,8300,7.641725564630909e-06,1.7553296732808477e-09,0.00024369009856424167
digits,Nesterov variable beta,variable beta,1e-06,500,8320,7.597045912209334e-06,1.72989050861716e-09,0.000241625798732925
digits,Nesterov variable beta,variable beta,1e-06,500,8340,7.5206495479122535e-06,1.6922400147834082e-09,0.00023878617858520053
digits,Nesterov variable beta,variable beta,1e-06,500,8360,7.420408407241272e-06,1.6474450970083154e-09,0.00023555875950356152
digits,Nesterov variable beta,variable beta,1e-06,500,8380,7.317815330308998e-06,1.6038459033085317e-09,0.00023249890312143626
digits,Nesterov variable beta,variable beta,1e-06,500,8400,7.236903582970569e-06,1.5697895344723989e-09,0.00023015568545658375
digits,Nesterov variable beta,variable beta,1e-06,500,8420,7.190805579727823e-06,1.5502684136414757e-09,0.00022887818329967528
digits,Nesterov variable beta,variable beta,1e-06,500,8440,7.176178582488406e-06,1.5452675250493542e-09,0.0002286877541072881
digits,Nesterov variable beta,variable beta,1e-06,500,8460,7.178977704147259e-06,1.5503944378325585e-09,0.00022927450408527953
digits,Nesterov variable beta,variable beta,1e-06,500,8480,7.18480207754351e-06,1.5589135954341415e-09,0.00023010859826802458
digits,Nesterov variable beta,variable beta,1e-06,500,8500,7.184298969938745e-06,1.563806750759511e-09,0.00023060495360752384
digits,Nesterov variable beta,variable beta,1e-06,500,8520,7.170919729122278e-06,1.5591570118322906e-09,0.0002302798756412619
digits,Nesterov variable beta,variable beta,1e-06,500,8540,7.136627787550342e-06,1.5411421167010886e-09,0.0002288698940593896
digits,Nesterov variable beta,variable beta,1e-06,500,8560,7.072865779430102e-06,1.5091537325373494e-09,0.00022640483573852234
digits,Nesterov variable beta,variable beta,1e-06,500,8580,6.978071858792249e-06,1.4668310732712797e-09,0.00022322364398014792
digits,Nesterov variable beta,variable beta,1e-06,500,8600,6.865437720293046e-06,1.421971512760578e-09,0.00021990908530389425
digits,Nesterov variable beta,variable beta,1e-06,500,8620,6.762464969825691e-06,1.384413458871414e-09,0.00021712464598850573
digits,Nesterov variable beta,variable beta,1e-06,500,8640,6.699032125396011e-06,1.3622291628045957e-09,0.00021538137514072163
digits,Nesterov variable beta,variable beta,1e-06,500,8660,6.6899336994553705e-06,1.3579632834881394e-09,0.00021482722643600038
digits,Nesterov variable beta,variable beta,1e-06,500,8680,6.72418449040019e-06,1.367031349230885e-09,0.0002151765772215767
digits,Nesterov variable beta,variable beta,1e-06,500,8700,6.769337375908749e-06,1.379391670330854e-09,0.0002158332710131928
digits,Nesterov variable beta,variable beta,1e-06,500,8720,6.787507387021032e-06,1.3838890589035202e-09,0.0002161461784383012
digits,Nesterov variable beta,variable beta,1e-06,500,8740,6.753210329241611e-06,1.373265057225126e-09,0.00021566906715751415
digits,Nesterov variable beta,variable beta,1e-06,500,8760,6.665323215117932e-06,1.347418940311762e-09,0.0002143134798747508
digits,Nesterov variable beta,variable beta,1e-06,500,8780,6.549108520439921e-06,1.3132357423728536e-09,0.00021234294365359393
digits,Nesterov variable beta,variable beta,1e-06,500,8800,6.445640463588311e-06,1.2809115990108921e-09,0.0002102192463108798
digits,Nesterov variable beta,variable beta,1e-06,500,8820,6.389790259827185e-06,1.2585821967947552e-09,0.0002083703973184517
digits,Nesterov variable beta,variable beta,1e-06,500,8840,6.387936019542788e-06,1.2482005568026366e-09,0.00020699471635972735
digits,Nesterov variable beta,variable beta,1e-06,500,8860,6.413227095398204e-06,1.2450997316504342e-09,0.00020600710455249047
digits,Nesterov variable beta,variable beta,1e-06,500,8880,6.42457072501377e-06,1.2414831801477177e-09,0.00020514947869639755
digits,Nesterov variable beta,variable beta,1e-06,500,8900,6.394671959868459e-06,1.2315063691037409e-09,0.00020418020617987985
digits,Nesterov variable beta,variable beta,1e-06,500,8920,6.326518738687477e-06,1.2145454919565424e-09,0.00020301526734574563
digits,Nesterov variable beta,variable beta,1e-06,500,8940,6.24823637054698e-06,1.1946305611409969e-09,0.00020174341673121838
digits,Nesterov variable beta,variable beta,1e-06,500,8960,6.190763951129747e-06,1.1768695046265876e-09,0.0002005298960464598
digits,Nesterov variable beta,variable beta,1e-06,500,8980,6.164914469792762e-06,1.1637763808192148e-09,0.00019949256931384553
digits,Nesterov variable beta,variable beta,1e-06,500,9000,6.15608836744713e-06,1.1541464312037064e-09,0.0001986391419022055
digits,Nesterov variable beta,variable beta,1e-06,500,9020,6.139618766494025e-06,1.1448783171497112e-09,0.00019789538713166406
digits,Nesterov variable beta,variable beta,1e-06,500,9040,6.101520608571081e-06,1.1338711219943676e-09,0.0001971808025847584
digits,Nesterov variable beta,variable beta,1e-06,500,9060,6.047869074671794e-06,1.1215878087389441e-09,0.00019645982874142668
digits,Nesterov variable beta,variable beta,1e-06,500,9080,5.997978770068119e-06,1.1102454927636174e-09,0.00019572994664142666
digits,Nesterov variable beta,variable beta,1e-06,500,9100,5.968409370404639e-06,1.1015430373406687e-09,0.00019496707028204382
digits,Nesterov variable beta,variable beta,1e-06,500,9120,5.96013487335593e-06,1.0948305873004216e-09,0.00019408484206556058
digits,Nesterov variable beta,variable beta,1e-06,500,9140,5.9578225571162675e-06,1.0871141903345816e-09,0.0001929530909440343
digits,Nesterov variable beta,variable beta,1e-06,500,9160,5.940366150947874e-06,1.074886485374904e-09,0.00019147462112846864
digits,Nesterov variable beta,variable beta,1e-06,500,9180,5.8943850356607745e-06,1.056546281019699e-09,0.0001896748346070899
digits,Nesterov variable beta,variable beta,1e-06,500,9200,5.822657332737053e-06,1.0338361416950548e-09,0.00018774442427183172
digits,Nesterov variable beta,variable beta,1e-06,500,9220,5.743621304758035e-06,1.011347935953033e-09,0.00018599632967208088
digits,Nesterov variable beta,variable beta,1e-06,500,9240,5.6819197369311325e-06,9.94290622058358e-10,0.00018474300163737927
digits,Nesterov variable beta,variable beta,1e-06,500,9260,5.65407488393136e-06,9.857481220176822e-10,0.00018414989423438228
digits,Nesterov variable beta,variable beta,1e-06,500,9280,5.657846882945708e-06,9.850101845287895e-10,0.0001841465288067668
digits,Nesterov variable beta,variable beta,1e-06,500,9300,5.673466419817816e-06,9.879776996513101e-10,0.00018444955215317095
digits,Nesterov variable beta,variable beta,1e-06,500,9320,5.6765023151846056e-06,9.89399173700889e-10,0.00018468317440056118
digits,Nesterov variable beta,variable beta,1e-06,500,9340,5.653051454971275e-06,9.855443405815123e-10,0.00018452497261232646
digits,Nesterov variable beta,variable beta,1e-06,500,9360,5.606957132956023e-06,9.756684765660495e-10,0.00018380223172778472
digits,Nesterov variable beta,variable beta,1e-06,500,9380,5.554803241676296e-06,9.615014479047446e-10,0.00018250727260689015
digits,Nesterov variable beta,variable beta,1e-06,500,9400,5.5124165959526335e-06,9.453983984553105e-10,0.00018075159110801192
digits,Nesterov variable beta,variable beta,1e-06,500,9420,5.482810063347994e-06,9.286760943583161e-10,0.0001787067788959738
digits,Nesterov variable beta,variable beta,1e-06,500,9440,5.455099715730312e-06,9.113622773115893e-10,0.0001765726155719891
digits,Nesterov variable beta,variable beta,1e-06,500,9460,5.4150647018229e-06,8.933671719058012e-10,0.00017457710791458556
digits,Nesterov variable beta,variable beta,1e-06,500,9480,5.358450244402308e-06,8.759195035956679e-10,0.00017297585418630756
digits,Nesterov variable beta,variable beta,1e-06,500,9500,5.296698082228715e-06,8.61893001413705e-10,0.0001720096306208276
digits,Nesterov variable beta,variable beta,1e-06,500,9520,5.25076433035104e-06,8.5452241116446e-10,0.0001718116958242975
digits,Nesterov variable beta,variable beta,1e-06,500,9540,5.2368713479208935e-06,8.552684810370081e-10,0.00017230888098514774
digits,Nesterov variable beta,variable beta,1e-06,500,9560,5.25432872634781e-06,8.622927649692969e-10,0.00017318736194822348
digits,Nesterov variable beta,variable beta,1e-06,500,9580,5.284744359833895e-06,8.706547288683808e-10,0.0001739640038279013
digits,Nesterov variable beta,variable beta,1e-06,500,9600,5.302687295915288e-06,8.742440521514183e-10,0.0001741397390357099
digits,Nesterov variable beta,variable beta,1e-06,500,9620,5.28920164291439e-06,8.68401531239904e-10,0.00017336768279911923
digits,Nesterov variable beta,variable beta,1e-06,500,9640,5.239725336564437e-06,8.5185034026658e-10,0.00017157154938959363
digits,Nesterov variable beta,variable beta,1e-06,500,9660,5.163755082125711e-06,8.270751583605573e-10,0.0001689799400711006
digits,Nesterov variable beta,variable beta,1e-06,500,9680,5.078615533488851e-06,7.992022599268012e-10,0.0001660710683717958
digits,Nesterov variable beta,variable beta,1e-06,500,9700,5.001873856073739e-06,7.741202540101355e-10,0.0001634414221376567
digits,Nesterov variable beta,variable beta,1e-06,500,9720,4.946389432184165e-06,7.566867826769297e-10,0.00016162802760481438
digits,Nesterov variable beta,variable beta,1e-06,500,9740,4.9190421408941235e-06,7.495058462758664e-10,0.00016093416118132857
digits,Nesterov variable beta,variable beta,1e-06,500,9760,4.920890696082351e-06,7.523452277835574e-10,0.00016132244406957813
digits,Nesterov variable beta,variable beta,1e-06,500,9780,4.946223367385944e-06,7.621331898910455e-10,0.0001624235705952276
digits,Nesterov variable beta,variable beta,1e-06,500,9800,4.981223325760071e-06,7.735995039004351e-10,0.00016365932935806122
digits,Nesterov variable beta,variable beta,1e-06,500,9820,5.00574513330841e-06,7.806808532961895e-10,0.00016442887842707312
digits,Nesterov variable beta,variable beta,1e-06,500,9840,5.000101764634136e-06,7.785204009236324e-10,0.00016429146335637316
digits,Nesterov variable beta,variable beta,1e-06,500,9860,4.95428973745105e-06,7.653778305583003e-10,0.0001630933602068824
digits,Nesterov variable beta,variable beta,1e-06,500,9880,4.874345382944793e-06,7.434950988205458e-10,0.00016100845839637427
digits,Nesterov variable beta,variable beta,1e-06,500,9900,4.781492252834015e-06,7.183079547834481e-10,0.0001584800526793441
digits,Nesterov variable beta,variable beta,1e-06,500,9920,4.703269643596638e-06,6.962390802778273e-10,0.0001560724447997204
digits,Nesterov variable beta,variable beta,1e-06,500,9940,4.6604454194709435e-06,6.820948111885272e-10,0.0001542730934632642
digits,Nesterov variable beta,variable beta,1e-06,500,9960,4.6570814767458565e-06,6.77286990380388e-10,0.00015332082811997768
digits,Nesterov variable beta,variable beta,1e-06,500,9980,4.679866958824346e-06,6.796202906000914e-10,0.00015314054465464925
digits,Nesterov variable beta,variable beta,1e-06,500,10000,4.706251638568061e-06,6.845854022552444e-10,0.00015341426338059673
digits,Nesterov variable beta,variable beta,1e-06,500,10020,4.715402520749944e-06,6.874440461324127e-10,0.00015374147793784906
digits,Nesterov variable beta,variable beta,1e-06,500,10040,4.6963930989467836e-06,6.851484379843953e-10,0.00015380161407825928
digits,Nesterov variable beta,variable beta,1e-06,500,10060,4.651321477553616e-06,6.773182154029556e-10,0.00015345008823568464
digits,Nesterov variable beta,variable beta,1e-06,500,10080,4.593202694764743e-06,6.659647139306557e-10,0.0001527249616304831
digits,Nesterov variable beta,variable beta,1e-06,500,10100,4.53954415202343e-06,6.54212531370213e-10,0.00015178025077407334
digits,Nesterov variable beta,variable beta,1e-06,500,10120,4.504005133071777e-06,6.446918970892668e-10,0.00015078562338934602
digits,Nesterov variable beta,variable beta,1e-06,500,10140,4.490108533390723e-06,6.383706341317463e-10,0.00014984067084457045
digits,Nesterov variable beta,variable beta,1e-06,500,10160,4.490424151424865e-06,6.343186809143475e-10,0.0001489419970660028
digits,Nesterov variable beta,variable beta,1e-06,500,10180,4.4912876392108064e-06,6.304133326473504e-10,0.00014801342556865338
digits,Nesterov variable beta,variable beta,1e-06,500,10200,4.479834574557711e-06,6.245580858044164e-10,0.00014697702285450224
digits,Nesterov variable beta,variable beta,1e-06,500,10220,4.4497361763796765e-06,6.158036996994909e-10,0.00014582400376710896
digits,Nesterov variable beta,variable beta,1e-06,500,10240,4.403684125094011e-06,6.048611750353317e-10,0.00014464772873989864
digits,Nesterov variable beta,variable beta,1e-06,500,10260,4.352146164099704e-06,5.937976638170639e-10,0.00014362019807910014
digits,Nesterov variable beta,variable beta,1e-06,500,10280,4.308756490989064e-06,5.850739892565571e-10,0.0001429194844231203
digits,Nesterov variable beta,variable beta,1e-06,500,10300,4.283858501446361e-06,5.803767882950339e-10,0.00014264034112463806
digits,Nesterov variable beta,variable beta,1e-06,500,10320,4.279262157455332e-06,5.797971130983015e-10,0.00014273272648676884
digits,Nesterov variable beta,variable beta,1e-06,500,10340,4.287445827995748e-06,5.817436671273768e-10,0.000143001692540152
digits,Nesterov variable beta,variable beta,1e-06,500,10360,4.2958269078766595e-06,5.83611298177189e-10,0.0001431697170265167
digits,Nesterov variable beta,variable beta,1e-06,500,10380,4.2932179507680055e-06,5.828465488022516e-10,0.00014297101284027196
digits,Nesterov variable beta,variable beta,1e-06,500,10400,4.2744595307658786e-06,5.778825473701232e-10,0.00014223771357657261
digits,Nesterov variable beta,variable beta,1e-06,500,10420,4.241041933861605e-06,5.68554717195191e-10,0.00014095035823483365
digits,Nesterov variable beta,variable beta,1e-06,500,10440,4.19833333851296e-06,5.559467469717916e-10,0.00013924467468740527
digits,Nesterov variable beta,variable beta,1e-06,500,10460,4.151960393486862e-06,5.419109466719974e-10,0.0001373801957993094
digits,Nesterov variable beta,variable beta,1e-06,500,10480,4.106000086736264e-06,5.285749754557756e-10,0.0001356804888462259
digits,Nesterov variable beta,variable beta,1e-06,500,10500,4.063891682864236e-06,5.179828510559759e-10,0.00013445427434745355
digits,Nesterov variable beta,variable beta,1e-06,500,10520,4.0305180026987815e-06,5.117958418177082e-10,0.00013390881607515628
digits,Nesterov variable beta,variable beta,1e-06,500,10540,4.012595451717977e-06,5.108985040580549e-10,0.00013407527744732317
digits,Nesterov variable beta,variable beta,1e-06,500,10560,4.015548150728115e-06,5.148956400136129e-10,0.00013477395177608587
digits,Nesterov variable beta,variable beta,1e-06,500,10580,4.038093818407291e-06,5.217444115634962e-10,0.00013564263651626968
digits,Nesterov variable beta,variable beta,1e-06,500,10600,4.0686878488290755e-06,5.279191389595539e-10,0.00013622997956992325
digits,Nesterov variable beta,variable beta,1e-06,500,10620,4.087735198651065e-06,5.293694510521973e-10,0.00013612986631423397
digits,Nesterov variable beta,variable beta,1e-06,500,10640,4.075650678553568e-06,5.231013816553443e-10,0.00013511786063015623
digits,Nesterov variable beta,variable beta,1e-06,500,10660,4.022913768043453e-06,5.087208571064039e-10,0.00013324848109338828
digits,Nesterov variable beta,variable beta,1e-06,500,10680,3.93710655498361e-06,4.89078333387738e-10,0.00013087601836930986
digits,Nesterov variable beta,variable beta,1e-06,500,10700,3.8428652982036235e-06,4.694653693571027e-10,0.00012857075715302663
digits,Nesterov variable beta,variable beta,1e-06,500,10720,3.7726275545628342e-06,4.5554372773981555e-10,0.00012692909124778395
digits,Nesterov variable beta,variable beta,1e-06,500,10740,3.7504085261718472e-06,4.509190104640126e-10,0.00012633295147616229
digits,Nesterov variable beta,variable beta,1e-06,500,10760,3.7777823090864577e-06,4.5554369998423994e-10,0.00012677585648454006
digits,Nesterov variable beta,variable beta,1e-06,500,10780,3.832966822442045e-06,4.657475932701161e-10,0.00012786426548197966
digits,Nesterov variable beta,variable beta,1e-06,500,10800,3.883614103778854e-06,4.758654026382203e-10,0.0001289946957922791
digits,Nesterov variable beta,variable beta,1e-06,500,10820,3.902920880130838e-06,4.806433168136337e-10,0.0001295979058906339
digits,Nesterov variable beta,variable beta,1e-06,500,10840,3.8797394675459115e-06,4.772898742899656e-10,0.00012933174385101244
digits,Nesterov variable beta,variable beta,1e-06,500,10860,3.820449602484216e-06,4.663117531000793e-10,0.00012816586966479313
digits,Nesterov variable beta,variable beta,1e-06,500,10880,3.7443279974624945e-06,4.509241452455015e-10,0.00012635733918023718
digits,Nesterov variable beta,variable beta,1e-06,500,10900,3.674887410431141e-06,4.354735599898518e-10,0.00012434158615041595
digits,Nesterov variable beta,variable beta,1e-06,500,10920,3.630134970883483e-06,4.2366009311844977e-10,0.00012257590808876316
digits,Nesterov variable beta,variable beta,1e-06,500,10940,3.615671338651995e-06,4.1729912581001116e-10,0.00012138635623138205
digits,Nesterov variable beta,variable beta,1e-06,500,10960,3.624020857900015e-06,4.160187888624378e-10,0.00012087523280669941
digits,Nesterov variable beta,variable beta,1e-06,500,10980,3.640140202037256e-06,4.1784925519650074e-10,0.00012092434626468088
digits,Nesterov variable beta,variable beta,1e-06,500,11000,3.649365336968763e-06,4.203070252950525e-10,0.0001212800133459703
digits,Nesterov variable beta,variable beta,1e-06,500,11020,3.643555514010596e-06,4.214407850477997e-10,0.00012166552671901012
digits,Nesterov variable beta,variable beta,1e-06,500,11040,3.623230631114625e-06,4.2040446124325115e-10,0.0001218662000156375
digits,Nesterov variable beta,variable beta,1e-06,500,11060,3.5955726649022314e-06,4.1739890710434935e-10,0.00012176231513103443
digits,Nesterov variable beta,variable beta,1e-06,500,11080,3.569550686159429e-06,4.1314025811534094e-10,0.00012131773655225515
digits,Nesterov variable beta,variable beta,1e-06,500,11100,3.55055794256112e-06,4.0822596691914015e-10,0.00012054947317990884
digits,Nesterov variable beta,variable beta,1e-06,500,11120,3.53745958269781e-06,4.027757710689528e-10,0.00011950397553334998
digits,Nesterov variable beta,variable beta,1e-06,500,11140,3.523806175654397e-06,3.965298783770166e-10,0.00011825369541434531
digits,Nesterov variable beta,variable beta,1e-06,500,11160,3.502399309441657e-06,3.8929885703975486e-10,0.00011690946971453437
digits,Nesterov variable beta,variable beta,1e-06,500,11180,3.470363327676196e-06,3.8144183645005825e-10,0.00011562977238843435
digits,Nesterov variable beta,variable beta,1e-06,500,11200,3.4317785546735913e-06,3.740273368801894e-10,0.00011460503968557201
digits,Nesterov variable beta,variable beta,1e-06,500,11220,3.396326189460191e-06,3.6851761919809434e-10,0.00011400763479097153
digits,Nesterov variable beta,variable beta,1e-06,500,11240,3.374399311184e-06,3.661042718983154e-10,0.00011392147268348709
digits,Nesterov variable beta,variable beta,1e-06,500,11260,3.3712311397701e-06,3.6704148054234054e-10,0.00011428619216757776
digits,Nesterov variable beta,variable beta,1e-06,500,11280,3.38364200580047e-06,3.7034394995139053e-10,0.00011489111800678277
digits,Nesterov variable beta,variable beta,1e-06,500,11300,3.401479625287948e-06,3.740289189479995e-10,0.00011542929061910903
digits,Nesterov variable beta,variable beta,1e-06,500,11320,3.4124696123197937e-06,3.7580152878469164e-10,0.00011559016882106524
digits,Nesterov variable beta,variable beta,1e-06,500,11340,3.4072004116165266e-06,3.7387767881646994e-10,0.00011515499550190312
digits,Nesterov variable beta,variable beta,1e-06,500,11360,3.3818931339598333e-06,3.6761206578805883e-10,0.00011406528405496736
digits,Nesterov variable beta,variable beta,1e-06,500,11380,3.3387873435619624e-06,3.577276669330942e-10,0.000112448887120494
digits,Nesterov variable beta,variable beta,1e-06,500,11400,3.2852381479759542e-06,3.46114595317637e-10,0.00011059771507576704
digits,Nesterov variable beta,variable beta,1e-06,500,11420,3.23228196570722e-06,3.352821076330059e-10,0.00010889621707240126
digits,Nesterov variable beta,variable beta,1e-06,500,11440,3.1922729400148116e-06,3.2760277823840056e-10,0.00010770903785947429
digits,Nesterov variable beta,variable beta,1e-06,500,11460,3.1748523749398577e-06,3.2453592591075164e-10,0.0001072568746093148
digits,Nesterov variable beta,variable beta,1e-06,500,11480,3.1821269205338737e-06,3.2607740119150463e-10,0.0001075314662555423
digits,Nesterov variable beta,variable beta,1e-06,500,11500,3.206199248092342e-06,3.306890039578292e-10,0.00010829599625595164
digits,Nesterov variable beta,variable beta,1e-06,500,11520,3.23184350885613e-06,3.3582349401317657e-10,0.00010917431509132443
digits,Nesterov variable beta,variable beta,1e-06,500,11540,3.243486185737062e-06,3.388870017939638e-10,0.00010978368212364708
digits,Nesterov variable beta,variable beta,1e-06,500,11560,3.2324707417794325e-06,3.3822163125751814e-10,0.00010985168986669673
digits,Nesterov variable beta,variable beta,1e-06,500,11580,3.2006395944016653e-06,3.336382975449581e-10,0.00010927921927752076
digits,Nesterov variable beta,variable beta,1e-06,500,11600,3.158498472252444e-06,3.262598941011774e-10,0.00010814140713471854
digits,Nesterov variable beta,variable beta,1e-06,500,11620,3.118945093790918e-06,3.1782046439055023e-10,0.00010664047137912782
digits,Nesterov variable beta,variable beta,1e-06,500,11640,3.090090982069796e-06,3.098570150461555e-10,0.00010503552647252103
digits,Nesterov variable beta,variable beta,1e-06,500,11660,3.0717477175510177e-06,3.032356032939276e-10,0.00010357613833786072
digits,Nesterov variable beta,variable beta,1e-06,500,11680,3.0578290634143273e-06,2.981859620332372e-10,0.00010245783145817144
digits,Nesterov variable beta,variable beta,1e-06,500,11700,3.042412388976214e-06,2.946714122709082e-10,0.0001018018666599091
digits,Nesterov variable beta,variable beta,1e-06,500,11720,3.0247088531100756e-06,2.9273204693591737e-10,0.000101648078803776
digits,Nesterov variable beta,variable beta,1e-06,500,11740,3.0095569966288837e-06,2.9251998046042615e-10,0.00010194894065467741
digits,Nesterov variable beta,variable beta,1e-06,500,11760,3.003382992590764e-06,2.940146320851156e-10,0.00010256522238928708
digits,Nesterov variable beta,variable beta,1e-06,500,11780,3.008607637176465e-06,2.9666473444489583e-10,0.00010327584382478137
digits,Nesterov variable beta,variable beta,1e-06,500,11800,3.0206095886313927e-06,2.992731618078892e-10,0.00010381378278856189
digits,Nesterov variable beta,variable beta,1e-06,500,11820,3.0294741831878075e-06,3.00286503995828e-10,0.00010392644178711952
digits,Nesterov variable beta,variable beta,1e-06,500,11840,3.025155765044036e-06,2.983850388993403e-10,0.00010344436974788306
digits,Nesterov variable beta,variable beta,1e-06,500,11860,3.002594289221943e-06,2.9307067883621585e-10,0.00010233652119459972
digits,Nesterov variable beta,variable beta,1e-06,500,11880,2.964023399871455e-06,2.8494163972769826e-10,0.00010073373160331246
digits,Nesterov variable beta,variable beta,1e-06,500,11900,2.9177057188636715e-06,2.75518566295041e-10,9.890995578509641e-05
digits,Nesterov variable beta,variable beta,1e-06,500,11920,2.8741313327850393e-06,2.667222553931481e-10,9.722008503850598e-05
digits,Nesterov variable beta,variable beta,1e-06,500,11940,2.841817427379732e-06,2.6025645527560926e-10,9.600492073442338e-05
digits,Nesterov variable beta,variable beta,1e-06,500,11960,2.824849304995004e-06,2.5714025353451575e-10,9.548898136178641e-05
digits,Nesterov variable beta,variable beta,1e-06,500,11980,2.822915105924076e-06,2.575062246767956e-10,9.570821698213159e-05
digits,Nesterov variable beta,variable beta,1e-06,500,12000,2.8327283488022714e-06,2.6064056468655394e-10,9.649825680485509e-05
digits,Nesterov variable beta,variable beta,1e-06,500,12020,2.8491718618991433e-06,2.6518144624620987e-10,9.754632491303248e-05
digits,Nesterov variable beta,variable beta,1e-06,500,12040,2.8656840756553327e-06,2.6941765485233304e-10,9.848132931845789e-05
digits,Nesterov variable beta,variable beta,1e-06,500,12060,2.874817815384324e-06,2.7166932592415094e-10,9.896850983552034e-05
digits,Nesterov variable beta,variable beta,1e-06,500,12080,2.8699433324968135e-06,2.7071658803556886e-10,9.878556521910477e-05
digits,Nesterov variable beta,variable beta,1e-06,500,12100,2.847818603141855e-06,2.6617019699415323e-10,9.787012161170735e-05
digits,Nesterov variable beta,variable beta,1e-06,500,12120,2.810556171427035e-06,2.5862993691117e-10,9.633461938052933e-05
digits,Nesterov variable beta,variable beta,1e-06,500,12140,2.7654479861441786e-06,2.495241652189506e-10,9.444593368291649e-05
digits,Nesterov variable beta,variable beta,1e-06,500,12160,2.7222408193682504e-06,2.4066618142803975e-10,9.256865104945423e-05
digits,Nesterov variable beta,variable beta,1e-06,500,12180,2.6891430142921355e-06,2.3370853863280416e-10,9.107734828129379e-05
digits,Nesterov variable beta,variable beta,1e-06,500,12200,2.669946847262172e-06,2.2971717583697426e-10,9.025603243006709e-05
digits,Nesterov variable beta,variable beta,1e-06,500,12220,2.663964982542236e-06,2.289960582269046e-10,9.02164876671054e-05
digits,Nesterov variable beta,variable beta,1e-06,500,12240,2.6682112130552317e-06,2.3114195280005134e-10,9.086755182240276e-05
digits,Nesterov variable beta,variable beta,1e-06,500,12260,2.679536713924683e-06,2.3521036507379023e-10,9.194587039680051e-05
digits,Nesterov variable beta,variable beta,1e-06,500,12280,2.6949538939349803e-06,2.398891224553168e-10,9.308990092101065e-05
digits,Nesterov variable beta,variable beta,1e-06,500,12300,2.710402681260717e-06,2.4366818285326275e-10,9.39270799607417e-05
digits,Nesterov variable beta,variable beta,1e-06,500,12320,2.719738341430146e-06,2.4507013085539597e-10,9.41529960820694e-05
digits,Nesterov variable beta,variable beta,1e-06,500,12340,2.715545187947226e-06,2.429900447520339e-10,9.359490965533811e-05
digits,Nesterov variable beta,variable beta,1e-06,500,12360,2.6919148740284103e-06,2.3709249841186164e-10,9.225703396708902e-05
digits,Nesterov variable beta,variable beta,1e-06,500,12380,2.647920875651354e-06,2.281025923700497e-10,9.034098526198202e-05
digits,Nesterov variable beta,variable beta,1e-06,500,12400,2.5900193223177604e-06,2.17797863077962e-10,8.82270773591545e-05
digits,Nesterov variable beta,variable beta,1e-06,500,12420,2.531814252577928e-06,2.0859736160616649e-10,8.639834922466273e-05
digits,Nesterov variable beta,variable beta,1e-06,500,12440,2.4902191821171233e-06,2.0281973323044156e-10,8.530194225239131e-05
digits,Nesterov variable beta,variable beta,1e-06,500,12460,2.4784874082227202e-06,2.0185697557906224e-10,8.51826856715836e-05
digits,Nesterov variable beta,variable beta,1e-06,500,12480,2.49920438485513e-06,2.0559116908902553e-10,8.597086081728496e-05
digits,Nesterov variable beta,variable beta,1e-06,500,12500,2.541908272317292e-06,2.1232191005360335e-10,8.729897464597358e-05
digits,Nesterov variable beta,variable beta,1e-06,500,12520,2.5873063755045336e-06,2.1928574234220122e-10,8.864162349674158e-05
digits,Nesterov variable beta,variable beta,1e-06,500,12540,2.6152523897426503e-06,2.2360856222203296e-10,8.949878085062751e-05
digits,Nesterov variable beta,variable beta,1e-06,500,12560,2.612175498299013e-06,2.2333980498334682e-10,8.954422971352039e-05
digits,Nesterov variable beta,variable beta,1e-06,500,12580,2.575573531090838e-06,2.1815928230584092e-10,8.870481010462127e-05
digits,Nesterov variable beta,variable beta,1e-06,500,12600,2.51493962052643e-06,2.09464931510972e-10,8.716721223360473e-05
digits,Nesterov variable beta,variable beta,1e-06,500,12620,2.4488586895547133e-06,1.9979945475867567e-10,8.531712714222959e-05
digits,Nesterov variable beta,variable beta,1e-06,500,12640,2.398220269261508e-06,1.918551290058801e-10,8.361901370172053e-05
digits,Nesterov variable beta,variable beta,1e-06,500,12660,2.3772040627952407e-06,1.8747374486149937e-10,8.246156063268831e-05
digits,Nesterov variable beta,variable beta,1e-06,500,12680,2.3866473211182913e-06,1.8705047233336103e-10,8.2023773609043e-05
digits,Nesterov variable beta,variable beta,1e-06,500,12700,2.4145387559921818e-06,1.8955616243321316e-10,8.222799613689626e-05
digits,Nesterov variable beta,variable beta,1e-06,500,12720,2.4431888240556648e-06,1.931121235143607e-10,8.280463887372061e-05
digits,Nesterov variable beta,variable beta,1e-06,500,12740,2.457769634566338e-06,1.9582101218329484e-10,8.34239981263788e-05
digits,Nesterov variable beta,variable beta,1e-06,500,12760,2.45169611259877e-06,1.9647976301495618e-10,8.382035064935164e-05
digits,Nesterov variable beta,variable beta,1e-06,500,12780,2.427677667272922e-06,1.948965849818407e-10,8.385941189133399e-05
digits,Nesterov variable beta,variable beta,1e-06,500,12800,2.395172701419412e-06,1.9174049847858754e-10,8.354169200167538e-05
digits,Nesterov variable beta,variable beta,1e-06,500,12820,2.3655138358221373e-06,1.8806277368721425e-10,8.296012348588245e-05
digits,Nesterov variable beta,variable beta,1e-06,500,12840,2.3465456122815243e-06,1.847552250078266e-10,8.223961668700643e-05
digits,Nesterov variable beta,variable beta,1e-06,500,12860,2.339261885251017e-06,1.8220089326170807e-10,8.14858118885886e-05
digits,Nesterov variable beta,variable beta,1e-06,500,12880,2.3383012947193838e-06,1.8024891301759993e-10,8.076183161511558e-05
digits,Nesterov variable beta,variable beta,1e-06,500,12900,2.335826588191318e-06,1.7847058553233097e-10,8.009604095167101e-05
digits,Nesterov variable beta,variable beta,1e-06,500,12920,2.3262154629298963e-06,1.765176754764397e-10,7.950714871529858e-05
digits,Nesterov variable beta,variable beta,1e-06,500,12940,2.3089368086585056e-06,1.743719890701101e-10,7.902507621843725e-05
digits,Nesterov variable beta,variable beta,1e-06,500,12960,2.288421578892134e-06,1.7235753102529117e-10,7.869143253850468e-05
digits,Nesterov variable beta,variable beta,1e-06,500,12980,2.271310896975699e-06,1.7092989523792568e-10,7.853818189425691e-05
digits,Nesterov variable beta,variable beta,1e-06,500,13000,2.2626435767243096e-06,1.7037865562841148e-10,7.855817047688626e-05
digits,Nesterov variable beta,variable beta,1e-06,500,13020,2.2630744593776494e-06,1.706141616875101e-10,7.868762196505047e-05
digits,Nesterov variable beta,variable beta,1e-06,500,13040,2.2686030380887724e-06,1.711513708535506e-10,7.881437744085779e-05
digits,Nesterov variable beta,variable beta,1e-06,500,13060,2.2726914239529466e-06,1.712948671794834e-10,7.881093727041579e-05
digits,Nesterov variable beta,variable beta,1e-06,500,13080,2.26933018908249e-06,1.704321406226228e-10,7.857842291848001e-05
digits,Nesterov variable beta,variable beta,1e-06,500,13100,2.2555284358832925e-06,1.6829930504780322e-10,7.808348581935941e-05
digits,Nesterov variable beta,variable beta,1e-06,500,13120,2.232427705958411e-06,1.6510517952816883e-10,7.737417607159118e-05
digits,Nesterov variable beta,variable beta,1e-06,500,13140,2.204885364745373e-06,1.6146330106270312e-10,7.656830797545467e-05
digits,Nesterov variable beta,variable beta,1e-06,500,13160,2.1797004146378007e-06,1.5816133125401421e-10,7.581630153179886e-05
digits,Nesterov variable beta,variable beta,1e-06,500,13180,2.1629587887163738e-06,1.5585983892396627e-10,7.524958177235601e-05
digits,Nesterov variable beta,variable beta,1e-06,500,13200,2.157440467673479e-06,1.548403488760286e-10,7.493363163591471e-05
digits,Nesterov variable beta,variable beta,1e-06,500,13220,2.1613147836532326e-06,1.5490381199967374e-10,7.484616373977693e-05
digits,Nesterov variable beta,variable beta,1e-06,500,13240,2.1688911731195695e-06,1.5546150478051857e-10,7.489085385415777e-05
digits,Nesterov variable beta,variable beta,1e-06,500,13260,2.173095323592246e-06,1.557828449572085e-10,7.4939656445775e-05
digits,Nesterov variable beta,variable beta,1e-06,500,13280,2.168482205918194e-06,1.5529792729562786e-10,7.488346259138018e-05
digits,Nesterov variable beta,variable beta,1e-06,500,13300,2.153526240065087e-06,1.5382564666488463e-10,7.466944736060455e-05
digits,Nesterov variable beta,variable beta,1e-06,500,13320,2.131339027972215e-06,1.5162696098691697e-10,7.431170686165193e-05
digits,Nesterov variable beta,variable beta,1e-06,500,13340,2.108434453379593e-06,1.4925674585164472e-10,7.38734807085997e-05
digits,Nesterov variable beta,variable beta,1e-06,500,13360,2.0917529762930845e-06,1.472810068348096e-10,7.343042296612525e-05
digits,Nesterov variable beta,variable beta,1e-06,500,13380,2.0850820586405353e-06,1.459945220272374e-10,7.30325557327905e-05
digits,Nesterov variable beta,variable beta,1e-06,500,13400,2.086825077577831e-06,1.4528064862240342e-10,7.268392396356658e-05
digits,Nesterov variable beta,variable beta,1e-06,500,13420,2.0906797897634914e-06,1.446903014068468e-10,7.235043608543118e-05
digits,Nesterov variable beta,variable beta,1e-06,500,13440,2.0889936509996038e-06,1.4370499235027978e-10,7.199084640326999e-05
digits,Nesterov variable beta,variable beta,1e-06,500,13460,2.0768937772781586e-06,1.4204779019699743e-10,7.159249159809933e-05
digits,Nesterov variable beta,variable beta,1e-06,500,13480,2.0550524856194834e-06,1.3987201674670047e-10,7.119026955512151e-05
digits,Nesterov variable beta,variable beta,1e-06,500,13500,2.0297667633469204e-06,1.3771543627694172e-10,7.085563830151396e-05
digits,Nesterov variable beta,variable beta,1e-06,500,13520,2.0101047227948443e-06,1.3623012440344695e-10,7.065809137778885e-05
digits,Nesterov variable beta,variable beta,1e-06,500,13540,2.0031628888913503e-06,1.3582142355250681e-10,7.061810097022556e-05
digits,Nesterov variable beta,variable beta,1e-06,500,13560,2.0098810874843933e-06,1.3638519480441147e-10,7.067882612615636e-05
digits,Nesterov variable beta,variable beta,1e-06,500,13580,2.024086495656502e-06,1.3728908287991004e-10,7.071617789712516e-05
digits,Nesterov variable beta,variable beta,1e-06,500,13600,2.035429603207589e-06,1.3762389838856137e-10,7.058603735977038e-05
digits,Nesterov variable beta,variable beta,1e-06,500,13620,2.0342853677350545e-06,1.3661598241565542e-10,7.018785825350187e-05
digits,Nesterov variable beta,variable beta,1e-06,500,13640,2.0160175824190224e-06,1.3400920650941117e-10,6.951715569464387e-05
digits,Nesterov variable beta,variable beta,1e-06,500,13660,1.9830663621319557e-06,1.3023547518198342e-10,6.8684478158281e-05
digits,Nesterov variable beta,variable beta,1e-06,500,13680,1.944399505960898e-06,1.2628664780578447e-10,6.788879269676184e-05
digits,Nesterov variable beta,variable beta,1e-06,500,13700,1.9123777942558207e-06,1.2333313537116197e-10,6.734721779029221e-05
digits,Nesterov variable beta,variable beta,1e-06,500,13720,1.8976994152417794e-06,1.2224485312906097e-10,6.720295774042456e-05
digits,Nesterov variable beta,variable beta,1e-06,500,13740,1.9043645631663298e-06,1.232124263728096e-10,6.745274038844634e-05
digits,Nesterov variable beta,variable beta,1e-06,500,13760,1.927491308143188e-06,1.2562635653967646e-10,6.79342263342174e-05
digits,Nesterov variable beta,variable beta,1e-06,500,13780,1.9554116519138007e-06,1.282700334837017e-10,6.838275641345766e-05
digits,Nesterov variable beta,variable beta,1e-06,500,13800,1.974572095274381e-06,1.297596752269925e-10,6.852889294885625e-05
digits,Nesterov variable beta,variable beta,1e-06,500,13820,1.9745217597658535e-06,1.2906826996061938e-10,6.819492392300748e-05
digits,Nesterov variable beta,variable beta,1e-06,500,13840,1.9513167954799012e-06,1.2593606713018346e-10,6.73601308839424e-05
digits,Nesterov variable beta,variable beta,1e-06,500,13860,1.9089439498014708e-06,1.2100664914527215e-10,6.617990377745972e-05
digits,Nesterov variable beta,variable beta,1e-06,500,13880,1.8586678461248731e-06,1.156276741021145e-10,6.495103835448155e-05
digits,Nesterov variable beta,variable beta,1e-06,500,13900,1.8159384333944531e-06,1.113775738303957e-10,6.40212459822843e-05
digits,Nesterov variable beta,variable beta,1e-06,500,13920,1.7947683159834517e-06,1.0948755790884945e-10,6.365970256724251e-05
digits,Nesterov variable beta,variable beta,1e-06,500,13940,1.8012941750397603e-06,1.1037433467198099e-10,6.393909302845922e-05
digits,Nesterov variable beta,variable beta,1e-06,500,13960,1.8303963410957713e-06,1.1346575068404974e-10,6.469539493451141e-05
digits,Nesterov variable beta,variable beta,1e-06,500,13980,1.8680849747818466e-06,1.173936642340223e-10,6.559218805369075e-05
digits,Nesterov variable beta,variable beta,1e-06,500,14000,1.8978881728702577e-06,1.2048596842451076e-10,6.624959007397172e-05
digits,Nesterov variable beta,variable beta,1e-06,500,14020,1.9071704841866823e-06,1.2137005289680758e-10,6.637193942017618e-05
digits,Nesterov variable beta,variable beta,1e-06,500,14040,1.890932474217158e-06,1.194567222917442e-10,6.583255966958986e-05
digits,Nesterov variable beta,variable beta,1e-06,500,14060,1.8527704209381175e-06,1.1512404918256891e-10,6.470523161699499e-05
digits,Nesterov variable beta,variable beta,1e-06,500,14080,1.80338441812455e-06,1.0954637197357897e-10,6.324480795459471e-05
digits,Nesterov variable beta,variable beta,1e-06,500,14100,1.7569935953801154e-06,1.0425414698200797e-10,6.18194809383247e-05
digits,Nesterov variable beta,variable beta,1e-06,500,14120,1.7263276061579014e-06,1.0060620392327024e-10,6.080074343050332e-05
digits,Nesterov variable beta,variable beta,1e-06,500,14140,1.7179046097767159e-06,9.936874934002304e-11,6.0436423894477844e-05
digits,Nesterov variable beta,variable beta,1e-06,500,14160,1.730037454778763e-06,1.0053095855777627e-10,6.0759174166406997e-05
digits,Nesterov variable beta,variable beta,1e-06,500,14180,1.7546628225875242e-06,1.0338316314140172e-10,6.158082434124535e-05
digits,Nesterov variable beta,variable beta,1e-06,500,14200,1.7813801998214187e-06,1.0679075679309591e-10,6.257310967408904e-05
digits,Nesterov variable beta,variable beta,1e-06,500,14220,1.80107445005205e-06,1.0954935569795765e-10,6.338370155388116e-05
digits,Nesterov variable beta,variable beta,1e-06,500,14240,1.8078106104417055e-06,1.1070978855887148e-10,6.373425638505136e-05
digits,Nesterov variable beta,variable beta,1e-06,500,14260,1.7992431384071673e-06,1.0979800402211026e-10,6.347895812451357e-05
digits,Nesterov variable beta,variable beta,1e-06,500,14280,1.7763221977656051e-06,1.0689937823826767e-10,6.262681810559394e-05
digits,Nesterov variable beta,variable beta,1e-06,500,14300,1.7428586241764796e-06,1.026100732159918e-10,6.133603422946363e-05
digits,Nesterov variable beta,variable beta,1e-06,500,14320,1.705047496939539e-06,9.787724797316599e-11,5.988281246552985e-05
digits,Nesterov variable beta,variable beta,1e-06,500,14340,1.6706490643185446e-06,9.376131815397315e-11,5.8601164049845665e-05
digits,Nesterov variable beta,variable beta,1e-06,500,14360,1.6474080417107872e-06,9.116550570009707e-11,5.779379606194539e-05
digits,Nesterov variable beta,variable beta,1e-06,500,14380,1.6406904356317273e-06,9.059146488521463e-11,5.763333234578679e-05
digits,Nesterov variable beta,variable beta,1e-06,500,14400,1.6511813620345184e-06,9.198718176062215e-11,5.8096688384290204e-05
digits,Nesterov variable beta,variable beta,1e-06,500,14420,1.6740532421232371e-06,9.474138140674881e-11,5.8971963745606894e-05
digits,Nesterov variable beta,variable beta,1e-06,500,14440,1.7003736558888172e-06,9.784380250454916e-11,5.993561546223663e-05
digits,Nesterov variable beta,variable beta,1e-06,500,14460,1.7201082679073564e-06,1.0017765783576493e-10,6.0657764459110135e-05
digits,Nesterov variable beta,variable beta,1e-06,500,14480,1.7253248601242354e-06,1.0085844659446508e-10,6.0892319695795796e-05
digits,Nesterov variable beta,variable beta,1e-06,500,14500,1.7125294028064788e-06,9.950872070785266e-11,6.053215048284131e-05
digits,Nesterov variable beta,variable beta,1e-06,500,14520,1.683678937998571e-06,9.63718133073499e-11,5.962774536842609e-05
digits,Nesterov variable beta,variable beta,1e-06,500,14540,1.6457272572702559e-06,9.222266006414515e-11,5.837225458791321e-05
digits,Nesterov variable beta,variable beta,1e-06,500,14560,1.6086452959989075e-06,8.810614737786437e-11,5.7053995373532943e-05
digits,Nesterov variable beta,variable beta,1e-06,500,14580,1.5821270083237464e-06,8.499718984200655e-11,5.59790937760475e-05
digits,Nesterov variable beta,variable beta,1e-06,500,14600,1.5719518397321546e-06,8.350224678377316e-11,5.5378768799651745e-05
digits,Nesterov variable beta,variable beta,1e-06,500,14620,1.5777855097866315e-06,8.370268367308142e-11,5.533429335031055e-05
digits,Nesterov variable beta,variable beta,1e-06,500,14640,1.593805162150827e-06,8.518248606481649e-11,5.5757114057701755e-05
digits,Nesterov variable beta,variable beta,1e-06,500,14660,1.6116942540898375e-06,8.721258437649482e-11,5.6434384483092996e-05
digits,Nesterov variable beta,variable beta,1e-06,500,14680,1.6240996307004975e-06,8.900985504212144e-11,5.711111858272166e-05
digits,Nesterov variable beta,variable beta,1e-06,500,14700,1.6268958736632353e-06,8.99715996149908e-11,5.7567235569006006e-05
digits,Nesterov variable beta,variable beta,1e-06,500,14720,1.6197143307171314e-06,8.981008992048345e-11,5.766502363659497e-05
digits,Nesterov variable beta,variable beta,1e-06,500,14740,1.605029346418692e-06,8.85633233416172e-11,5.7364758920749136e-05
digits,Nesterov variable beta,variable beta,1e-06,500,14760,1.5864899299288974e-06,8.651020177996571e-11,5.6717181064914194e-05
digits,Nesterov variable beta,variable beta,1e-06,500,14780,1.5673360579010955e-06,8.404828222285943e-11,5.584240017145143e-05
digits,Nesterov variable beta,variable beta,1e-06,500,14800,1.549613381202843e-06,8.158783371126077e-11,5.490158077571752e-05
digits,Nesterov variable beta,variable beta,1e-06,500,14820,1.5343956578487555e-06,7.948652847034055e-11,5.406445557115593e-05
digits,Nesterov variable beta,variable beta,1e-06,500,14840,1.5225510338099255e-06,7.80159964408611e-11,5.3474688005568915e-05
digits,Nesterov variable beta,variable beta,1e-06,500,14860,1.5152352025011408e-06,7.733638729412462e-11,5.321738612093338e-05
digits,Nesterov variable beta,variable beta,1e-06,500,14880,1.5135622561955374e-06,7.746465968683225e-11,5.329700874859596e-05
digits,Nesterov variable beta,variable beta,1e-06,500,14900,1.5176137553774723e-06,7.824624281838055e-11,5.363477901034477e-05
digits,Nesterov variable beta,variable beta,1e-06,500,14920,1.5255699113584341e-06,7.935789525514991e-11,5.408906327079832e-05
digits,Nesterov variable beta,variable beta,1e-06,500,14940,1.5337646006787925e-06,8.036601939487298e-11,5.4492894924292264e-05
digits,Nesterov variable beta,variable beta,1e-06,500,14960,1.537831594252354e-06,8.083883562548522e-11,5.4696744612738885e-05
digits,Nesterov variable beta,variable beta,1e-06,500,14980,1.5343755274763505e-06,8.047887356532613e-11,5.4604861129244e-05
digits,Nesterov variable beta,variable beta,1e-06,500,15000,1.5223377165017563e-06,7.922407174731916e-11,5.419744434278177e-05
digits,Nesterov variable beta,variable beta,1e-06,500,15020,1.503467146457559e-06,7.727370132659672e-11,5.353487838287119e-05
digits,Nesterov variable beta,variable beta,1e-06,500,15040,1.4817394230260942e-06,7.502611032439432e-11,5.274301891641105e-05
digits,Nesterov variable beta,variable beta,1e-06,500,15060,1.4619677956176743e-06,7.295210269209207e-11,5.198117513691987e-05
digits,Nesterov variable beta,variable beta,1e-06,500,15080,1.4481510761376633e-06,7.145160851873555e-11,5.1398636820945814e-05
digits,Nesterov variable beta,variable beta,1e-06,500,15100,1.4422179457948245e-06,7.074242580618062e-11,5.1091388564367906e-05
digits,Nesterov variable beta,variable beta,1e-06,500,15120,1.4436302460545513e-06,7.081228659000516e-11,5.1074346113361956e-05
digits,Nesterov variable beta,variable beta,1e-06,500,15140,1.4498525988584506e-06,7.143974301015987e-11,5.128051151753515e-05
digits,Nesterov variable beta,variable beta,1e-06,500,15160,1.4573087937961975e-06,7.226934328752321e-11,5.1586600388150685e-05
digits,Nesterov variable beta,variable beta,1e-06,500,15180,1.462398607522201e-06,7.291535430997698e-11,5.185309877660528e-05
digits,Nesterov variable beta,variable beta,1e-06,500,15200,1.4623478915064352e-06,7.306677485274804e-11,5.1963508539371994e-05
digits,Nesterov variable beta,variable beta,1e-06,500,15220,1.4558303110998155e-06,7.256770184760342e-11,5.185216376729401e-05
digits,Nesterov variable beta,variable beta,1e-06,500,15240,1.4433064403446383e-06,7.145327385327249e-11,5.1516315421001756e-05
digits,Nesterov variable beta,variable beta,1e-06,500,15260,1.4269602305410484e-06,6.993085277517963e-11,5.101224162856796e-05
digits,Nesterov variable beta,variable beta,1e-06,500,15280,1.410119856146313e-06,6.831107901561495e-11,5.043721910172642e-05
digits,Nesterov variable beta,variable beta,1e-06,500,15300,1.396212680843417e-06,6.690993592517458e-11,4.990123457231727e-05
digits,Nesterov variable beta,variable beta,1e-06,500,15320,1.3875811032082314e-06,6.595372858964055e-11,4.949531985441788e-05
digits,Nesterov variable beta,variable beta,1e-06,500,15340,1.3846835842060046e-06,6.551888198647049e-11,4.9266077038574697e-05
digits,Nesterov variable beta,variable beta,1e-06,500,15360,1.3860851325738208e-06,6.552396125680815e-11,4.920531644721283e-05
digits,Nesterov variable beta,variable beta,1e-06,500,15380,1.3892027833545305e-06,6.577216549175091e-11,4.9258113921457135e-05
digits,Nesterov variable beta,variable beta,1e-06,500,15400,1.391353634538271e-06,6.602300650637716e-11,4.9344705744240053e-05
digits,Nesterov variable beta,variable beta,1e-06,500,15420,1.390587170526574e-06,6.606649949336685e-11,4.938671985892448e-05
digits,Nesterov variable beta,variable beta,1e-06,500,15440,1.3860446480515385e-06,6.577692557296899e-11,4.9328792077285305e-05
digits,Nesterov variable beta,variable beta,1e-06,500,15460,1.3779074038871125e-06,6.513543870934058e-11,4.915057074545308e-05
digits,Nesterov variable beta,variable beta,1e-06,500,15480,1.3671575143550646e-06,6.422326559452074e-11,4.88680480693241e-05
digits,Nesterov variable beta,variable beta,1e-06,500,15500,1.3553290904328495e-06,6.319172962676589e-11,4.852548765026823e-05
digits,Nesterov variable beta,variable beta,1e-06,500,15520,1.3442615209648067e-06,6.221795301186717e-11,4.818042660214748e-05
digits,Nesterov variable beta,variable beta,1e-06,500,15540,1.3357361748130876e-06,6.14542028376519e-11,4.7885387988725816e-05
digits,Nesterov variable beta,variable beta,1e-06,500,15560,1.3309267537108317e-06,6.098142824040309e-11,4.767131214529348e-05
digits,Nesterov variable beta,variable beta,1e-06,500,15580,1.329820823265465e-06,6.078117176233633e-11,4.753827248242905e-05
digits,Nesterov variable beta,variable beta,1e-06,500,15600,1.3309786965101098e-06,6.073916369864207e-11,4.745731262667597e-05
digits,Nesterov variable beta,variable beta,1e-06,500,15620,1.3319335312731201e-06,6.068549829318926e-11,4.738308732925222e-05
digits,Nesterov variable beta,variable beta,1e-06,500,15640,1.3301763699587214e-06,6.046027567485623e-11,4.727237344569218e-05
digits,Nesterov variable beta,variable beta,1e-06,500,15660,1.3242824909861371e-06,5.997856378225919e-11,4.7101031555404437e-05
digits,Nesterov variable beta,variable beta,1e-06,500,15680,1.3146078244989006e-06,5.926550916690587e-11,4.687277819591052e-05
digits,Nesterov variable beta,variable beta,1e-06,500,15700,1.3031718399470988e-06,5.84434861616856e-11,4.661649094648273e-05
digits,Nesterov variable beta,variable beta,1e-06,500,15720,1.2927321516382092e-06,5.7676821652030696e-11,4.63732825133562e-05
digits,Nesterov variable beta,variable beta,1e-06,500,15740,1.2854880908157038e-06,5.710050487994778e-11,4.617874404965701e-05
digits,Nesterov variable beta,variable beta,1e-06,500,15760,1.2821035263398824e-06,5.676617509386972e-11,4.60479284766215e-05
digits,Nesterov variable beta,variable beta,1e-06,500,15780,1.2815749016316865e-06,5.662804947181854e-11,4.596943278699881e-05
digits,Nesterov variable beta,variable beta,1e-06,500,15800,1.2819234302172149e-06,5.6570068074357494e-11,4.5910554610667334e-05
digits,Nesterov variable beta,variable beta,1e-06,500,15820,1.2811893650730845e-06,5.645647838115053e-11,4.583038897039393e-05
digits,Nesterov variable beta,variable beta,1e-06,500,15840,1.2781491598563834e-06,5.618147613795088e-11,4.5694891132926795e-05
digits,Nesterov variable beta,variable beta,1e-06,500,15860,1.2725092756293859e-06,5.5699764245353833e-11,4.548840277191523e-05
digits,Nesterov variable beta,variable beta,1e-06,500,15880,1.2647061291471487e-06,5.503325573030793e-11,4.5218595651754455e-05
digits,Nesterov variable beta,variable beta,1e-06,500,15900,1.255601113281114e-06,5.425870863717819e-11,4.491429381282536e-05
digits,Nesterov variable beta,variable beta,1e-06,500,15920,1.2462707084128406e-06,5.348439746644118e-11,4.461726142275769e-05
digits,Nesterov variable beta,variable beta,1e-06,500,15940,1.2378877962074462e-06,5.282212167667666e-11,4.4370020849333514e-05
digits,Nesterov variable beta,variable beta,1e-06,500,15960,1.2315547620057495e-06,5.235747946308322e-11,4.420265270201983e-05
digits,Nesterov variable beta,variable beta,1e-06,500,15980,1.2279913993215805e-06,5.2123846905338667e-11,4.41223322680277e-05
digits,Nesterov variable beta,variable beta,1e-06,500,16000,1.2271598420524111e-06,5.208647402277222e-11,4.410932512292478e-05
digits,Nesterov variable beta,variable beta,1e-06,500,16020,1.2280625132678219e-06,5.2145579521045704e-11,4.4121538206542016e-05
digits,Nesterov variable beta,variable beta,1e-06,500,16040,1.2289255461072468e-06,5.2162218988627274e-11,4.4106772281052335e-05
digits,Nesterov variable beta,variable beta,1e-06,500,16060,1.2277777895011213e-06,5.2002138706264134e-11,4.401893343481678e-05
digits,Nesterov variable beta,variable beta,1e-06,500,16080,1.2232061947367662e-06,5.158344584810237e-11,4.3833015835258084e-05
digits,Nesterov variable beta,variable beta,1e-06,500,16100,1.214964377393238e-06,5.0909512716579286e-11,4.355403697952226e-05
digits,Nesterov variable beta,variable beta,1e-06,500,16120,1.2041635199874644e-06,5.007221026698261e-11,4.321681904905701e-05
digits,Nesterov variable beta,variable beta,1e-06,500,16140,1.192929759045389e-06,4.9222181885966165e-11,4.2876036758306225e-05
digits,Nesterov variable beta,variable beta,1e-06,500,16160,1.18361872197879e-06,4.851628820912168e-11,4.258899494313851e-05
digits,Nesterov variable beta,variable beta,1e-06,500,16180,1.1778886777792842e-06,4.806241515886711e-11,4.239658734839667e-05
digits,Nesterov variable beta,variable beta,1e-06,500,16200,1.1760481699909106e-06,4.7883016995875494e-11,4.230944193404182e-05
digits,Nesterov variable beta,variable beta,1e-06,500,16220,1.1769892672660974e-06,4.7910383993432504e-11,4.230479422785645e-05
digits,Nesterov variable beta,variable beta,1e-06,500,16240,1.1787087481259818e-06,4.801417596844715e-11,4.23351555188124e-05
digits,Nesterov variable beta,variable beta,1e-06,500,16260,1.179121240447691e-06,4.804863451557395e-11,4.2344796694825454e-05
digits,Nesterov variable beta,variable beta,1e-06,500,16280,1.1767880770216975e-06,4.7901224653479346e-11,4.2287442724972036e-05
digits,Nesterov variable beta,variable beta,1e-06,500,16300,1.1713142566165728e-06,4.7525566815309617e-11,4.2139279609058106e-05
digits,Nesterov variable beta,variable beta,1e-06,500,16320,1.163349061499724e-06,4.69494304544682e-11,4.190404639034043e-05
digits,Nesterov variable beta,variable beta,1e-06,500,16340,1.1542550599724487e-06,4.6257844776853574e-11,4.160983958543321e-05
digits,Nesterov variable beta,variable beta,1e-06,500,16360,1.1455814258516302e-06,4.556015287260351e-11,4.129944196265948e-05
digits,Nesterov variable beta,variable beta,1e-06,500,16380,1.1385230971359363e-06,4.495423477912652e-11,4.1017420291678546e-05
digits,Nesterov variable beta,variable beta,1e-06,500,16400,1.1335628068321974e-06,4.449997315081333e-11,4.079788449360124e-05
digits,Nesterov variable beta,variable beta,1e-06,500,16420,1.1304348228730933e-06,4.4209524929783584e-11,4.0656386091414304e-05
digits,Nesterov variable beta,variable beta,1e-06,500,16440,1.1284030835345158e-06,4.4054204728638524e-11,4.058781894213732e-05
digits,Nesterov variable beta,variable beta,1e-06,500,16460,1.1266829885329348e-06,4.3981498998313384e-11,4.056991944891478e-05
digits,Nesterov variable beta,variable beta,1e-06,500,16480,1.1247666950126422e-06,4.393262142965426e-11,4.057019009569273e-05
digits,Nesterov variable beta,variable beta,1e-06,500,16500,1.1224877229607075e-06,4.385407315066203e-11,4.0553668250935134e-05
digits,Nesterov variable beta,variable beta,1e-06,500,16520,1.1198332398434943e-06,4.3701403606988265e-11,4.048981797045209e-05
digits,Nesterov variable beta,variable beta,1e-06,500,16540,1.1166741242094384e-06,4.3440182007081773e-11,4.035801757572205e-05
digits,Nesterov variable beta,variable beta,1e-06,500,16560,1.1126333228148344e-06,4.304891165762825e-11,4.015173456346125e-05
digits,Nesterov variable beta,variable beta,1e-06,500,16580,1.1072182951728088e-06,4.252742602517401e-11,3.988122098608403e-05
digits,Nesterov variable beta,variable beta,1e-06,500,16600,1.1001655063996836e-06,4.190686686555978e-11,3.9573798504945646e-05
digits,Nesterov variable beta,variable beta,1e-06,500,16620,1.0917993240351067e-06,4.1254055727080186e-11,3.927027485270045e-05
digits,Nesterov variable beta,variable beta,1e-06,500,16640,1.0831744784985884e-06,4.066255665513552e-11,3.901647609233788e-05
digits,Nesterov variable beta,variable beta,1e-06,500,16660,1.0758552441402301e-06,4.02286676193242e-11,3.885063304805799e-05
digits,Nesterov variable beta,variable beta,1e-06,500,16680,1.0713482186668314e-06,4.001785014473569e-11,3.878994438220292e-05
digits,Nesterov variable beta,variable beta,1e-06,500,16700,1.070396709914386e-06,4.003404552310741e-11,3.8821556539100815e-05
digits,Nesterov variable beta,variable beta,1e-06,500,16720,1.0724757857223798e-06,4.020606070298527e-11,3.890268232777928e-05
digits,Nesterov variable beta,variable beta,1e-06,500,16740,1.07578783044573e-06,4.040069667698987e-11,3.897123433024458e-05
digits,Nesterov variable beta,variable beta,1e-06,500,16760,1.077827468418166e-06,4.0461786698919866e-11,3.896397740114381e-05
digits,Nesterov variable beta,variable beta,1e-06,500,16780,1.0763023795466156e-06,4.026390332256824e-11,3.883631841897092e-05
digits,Nesterov variable beta,variable beta,1e-06,500,16800,1.0700408272578628e-06,3.9760458814264155e-11,3.8577492479994516e-05
digits,Nesterov variable beta,variable beta,1e-06,500,16820,1.0595334701369682e-06,3.9006672891694905e-11,3.821636825358291e-05
digits,Nesterov variable beta,variable beta,1e-06,500,16840,1.0468793147156355e-06,3.814555615822002e-11,3.781539179198682e-05
digits,Nesterov variable beta,variable beta,1e-06,500,16860,1.0350864308860796e-06,3.736055909087099e-11,3.745313533872995e-05
digits,Nesterov variable beta,variable beta,1e-06,500,16880,1.0269258519183962e-06,3.681201177219151e-11,3.719973861165191e-05
digits,Nesterov variable beta,variable beta,1e-06,500,16900,1.0238072539662973e-06,3.65823621395478e-11,3.709340340477061e-05
digits,Nesterov variable beta,variable beta,1e-06,500,16920,1.025238686503396e-06,3.665059922219882e-11,3.7127369664464646e-05
digits,Nesterov variable beta,variable beta,1e-06,500,16940,1.0291529834791314e-06,3.6904687639172096e-11,3.725297287238721e-05
digits,Nesterov variable beta,variable beta,1e-06,500,16960,1.0328718049606115e-06,3.718425567456052e-11,3.739684197367924e-05
digits,Nesterov variable beta,variable beta,1e-06,500,16980,1.034158947891262e-06,3.73351766169705e-11,3.748422756061303e-05
digits,Nesterov variable beta,variable beta,1e-06,500,17000,1.0318961173032969e-06,3.72550879035316e-11,3.745962157890136e-05
digits,Nesterov variable beta,variable beta,1e-06,500,17020,1.0262136235726087e-06,3.6915928647296425e-11,3.7299201620254654e-05
digits,Nesterov variable beta,variable beta,1e-06,500,17040,1.0181707337782993e-06,3.6360192634532496e-11,3.701376755954989e-05
digits,Nesterov variable beta,variable beta,1e-06,500,17060,1.0092121447661485e-06,3.567779405244664e-11,3.664354676421909e-05
digits,Nesterov variable beta,variable beta,1e-06,500,17080,1.0006463869258957e-06,3.4975813911763964e-11,3.624735397706876e-05
